osm_id,latitude,longitude,all_tags
26749765,41.7955579,-87.9946944,"{""railway"": ""level_crossing""}"
37946198,40.315743,-88.1577646,"{""railway"": ""level_crossing""}"
37946630,40.110933,-88.369557,"{""railway"": ""level_crossing""}"
37946642,40.1110923,-88.3683114,"{""railway"": ""level_crossing""}"
37947468,40.1245041,-88.26944,"{""railway"": ""level_crossing""}"
37947473,40.1229728,-88.2688091,"{""railway"": ""level_crossing""}"
37947615,40.1244971,-88.269372,"{""railway"": ""level_crossing""}"
37948123,39.9589597,-88.3876853,"{""railway"": ""level_crossing""}"
37948359,40.12251,-88.268666,"{""railway"": ""level_crossing""}"
37948362,40.1229633,-88.2694507,"{""railway"": ""level_crossing""}"
37950545,40.113071,-88.299313,"{""railway"": ""level_crossing""}"
37951128,39.967307,-88.344521,"{""railway"": ""level_crossing""}"
37952298,40.0294369,-88.0255589,"{""railway"": ""level_crossing""}"
37953074,40.0235643,-88.0733162,"{""railway"": ""level_crossing""}"
37953587,40.0227139,-88.0821162,"{""railway"": ""level_crossing""}"
37953605,39.8809635,-88.1425516,"{""railway"": ""level_crossing""}"
37955847,39.967342,-88.344531,"{""railway"": ""level_crossing""}"
37957054,40.122491,-88.2686945,"{""railway"": ""level_crossing""}"
37958968,40.1418394,-88.2276238,"{""railway"": ""level_crossing""}"
37959238,40.0294397,-88.0255367,"{""railway"": ""level_crossing""}"
37963040,39.9654315,-88.3545555,"{""railway"": ""level_crossing""}"
37963891,40.1130294,-88.3437002,"{""railway"": ""level_crossing""}"
37964688,39.984475,-88.2586184,"{""railway"": ""level_crossing""}"
37964691,39.9851344,-88.2557694,"{""railway"": ""level_crossing""}"
37965507,40.0076977,-88.1579523,"{""railway"": ""level_crossing""}"
37966966,40.1130182,-88.3391717,"{""railway"": ""level_crossing""}"
37967189,40.1752894,-87.9815665,"{""railway"": ""level_crossing""}"
37967332,39.945845,-88.454764,"{""railway"": ""level_crossing""}"
37971543,40.034465,-87.9606,"{""railway"": ""level_crossing""}"
37972560,39.977236,-88.294022,"{""railway"": ""level_crossing""}"
37973259,40.1111327,-88.3683096,"{""railway"": ""level_crossing""}"
37973664,40.006339,-88.066571,"{""railway"": ""level_crossing""}"
37974455,40.0242764,-88.0664695,"{""railway"": ""level_crossing""}"
37976213,40.3758743,-88.4228635,"{""railway"": ""level_crossing""}"
37976256,40.108121,-88.426522,"{""railway"": ""level_crossing""}"
37976259,40.1082363,-88.4265203,"{""railway"": ""level_crossing""}"
37976657,40.1901987,-88.4078163,"{""railway"": ""level_crossing""}"
37978095,40.319021,-88.213108,"{""railway"": ""level_crossing""}"
37979437,39.909338,-88.123316,"{""railway"": ""level_crossing""}"
37979550,39.9081072,-88.2740501,"{""crossing:barrier"": ""half"", ""crossing:bell"": ""yes"", ""crossing:light"": ""yes"", ""railway"": ""level_crossing""}"
37981151,40.069037,-88.035378,"{""railway"": ""level_crossing""}"
37981806,39.9845444,-88.2586446,"{""railway"": ""level_crossing""}"
37982576,40.1204375,-88.2337772,"{""crossing:barrier"": ""no"", ""crossing:bell"": ""yes"", ""crossing:light"": ""yes"", ""railway"": ""level_crossing""}"
37982737,40.4417541,-86.8634836,"{""railway"": ""level_crossing""}"
37983537,40.4767553,-87.0411017,"{""railway"": ""level_crossing""}"
37983800,40.3569979,-86.7102704,"{""railway"": ""level_crossing""}"
37985857,40.0113105,-88.1425358,"{""railway"": ""level_crossing""}"
37986168,39.962673,-88.368686,"{""railway"": ""level_crossing""}"
37986816,40.1260612,-88.253178,"{""railway"": ""level_crossing""}"
37987463,40.3735227,-86.7953001,"{""railway"": ""level_crossing""}"
37987567,40.3523731,-87.0558301,"{""railway"": ""level_crossing""}"
37987571,40.3546344,-87.0402227,"{""railway"": ""level_crossing""}"
37989299,40.3186466,-88.4579853,"{""railway"": ""level_crossing""}"
37989916,40.318668,-88.280505,"{""railway"": ""level_crossing""}"
37991113,39.95267,-88.094203,"{""railway"": ""level_crossing""}"
37991779,40.4569846,-86.875393,"{""railway"": ""level_crossing""}"
37992270,40.3119777,-88.1588771,"{""crossing:barrier"": ""half"", ""crossing:bell"": ""yes"", ""crossing:light"": ""yes"", ""railway"": ""level_crossing""}"
37992275,40.3119778,-88.1588219,"{""crossing:barrier"": ""half"", ""crossing:bell"": ""yes"", ""crossing:light"": ""yes"", ""railway"": ""level_crossing""}"
37994572,40.2210005,-86.9103498,"{""railway"": ""level_crossing""}"
37994632,40.1129497,-88.1914805,"{""crossing:barrier"": ""no"", ""railway"": ""level_crossing""}"
37994931,40.3618938,-86.7233174,"{""railway"": ""level_crossing""}"
37995979,40.3881883,-86.8573529,"{""railway"": ""level_crossing""}"
37996005,40.3817714,-86.8666665,"{""crossing:barrier"": ""no"", ""railway"": ""level_crossing""}"
37996065,40.1930469,-88.4164996,"{""railway"": ""level_crossing""}"
37996974,39.9851735,-88.25577,"{""railway"": ""level_crossing""}"
37996975,39.9852114,-88.2557706,"{""railway"": ""level_crossing""}"
37997391,39.9144698,-88.2730533,"{""crossing:barrier"": ""half"", ""crossing:bell"": ""yes"", ""crossing:light"": ""yes"", ""railway"": ""level_crossing""}"
37998922,40.4742457,-87.029335,"{""railway"": ""level_crossing""}"
38002000,40.027916,-88.0288667,"{""railway"": ""level_crossing""}"
38003368,40.4668107,-86.9945723,"{""railway"": ""level_crossing""}"
38004350,40.2149032,-88.1995231,"{""crossing:barrier"": ""no"", ""crossing:bell"": ""no"", ""crossing:light"": ""no"", ""railway"": ""level_crossing""}"
38008000,40.3891575,-86.8952953,"{""railway"": ""level_crossing""}"
38008880,40.1707407,-88.3652254,"{""railway"": ""level_crossing""}"
38009751,40.2440933,-86.9135582,"{""railway"": ""level_crossing""}"
38009917,40.4004843,-86.9113185,"{""railway"": ""level_crossing""}"
38009965,40.3654054,-86.7327039,"{""railway"": ""level_crossing""}"
38009979,40.3530474,-86.6997214,"{""railway"": ""level_crossing""}"
38009986,40.3879558,-86.8934278,"{""crossing:barrier"": ""half"", ""railway"": ""level_crossing""}"
38010011,40.3750198,-86.8572082,"{""railway"": ""level_crossing""}"
38010012,40.1199955,-88.2321102,"{""crossing:barrier"": ""no"", ""crossing:light"": ""yes"", ""railway"": ""level_crossing""}"
38010035,40.3728696,-86.7687151,"{""crossing:barrier"": ""no"", ""railway"": ""level_crossing""}"
38010037,40.1414038,-88.295915,"{""railway"": ""level_crossing""}"
38010039,40.142128,-88.297913,"{""railway"": ""level_crossing""}"
38010049,40.3726377,-86.7594983,"{""crossing:barrier"": ""no"", ""railway"": ""level_crossing""}"
38010084,40.1646611,-88.35096,"{""railway"": ""level_crossing""}"
38010134,40.1813007,-88.3902145,"{""crossing:barrier"": ""no"", ""railway"": ""level_crossing""}"
38010221,40.189238,-88.4054108,"{""railway"": ""level_crossing""}"
38010261,40.1939192,-88.4204234,"{""railway"": ""level_crossing""}"
38010267,40.1942782,-88.4220525,"{""railway"": ""level_crossing""}"
38010283,40.4117257,-86.8964314,"{""railway"": ""level_crossing""}"
38010287,40.1985265,-88.441122,"{""railway"": ""level_crossing""}"
38010403,40.3524134,-87.0559633,"{""railway"": ""level_crossing""}"
38010408,40.3501587,-87.071653,"{""railway"": ""level_crossing""}"
38010417,40.3471863,-87.0923157,"{""railway"": ""level_crossing""}"
38010439,40.4174982,-86.8546342,"{""railway"": ""level_crossing""}"
38010448,40.4102263,-86.8544215,"{""railway"": ""level_crossing""}"
38010464,40.4067319,-86.8533127,"{""railway"": ""level_crossing""}"
38010493,40.4091365,-86.8502432,"{""railway"": ""level_crossing""}"
38010560,40.4270123,-86.9440869,"{""railway"": ""level_crossing""}"
38010585,40.4529061,-86.9640484,"{""railway"": ""level_crossing""}"
38010668,40.4808297,-87.0602274,"{""railway"": ""level_crossing""}"
38010734,40.4387697,-86.8585197,"{""railway"": ""level_crossing""}"
38010742,40.435585,-86.8567118,"{""crossing:barrier"": ""no"", ""railway"": ""level_crossing""}"
38010746,40.4321207,-86.8566755,"{""railway"": ""level_crossing""}"
38011152,40.354677,-87.0402063,"{""railway"": ""level_crossing""}"
38012093,40.127673,-88.0061545,"{""railway"": ""level_crossing""}"
38012290,40.3693143,-88.4268735,"{""railway"": ""level_crossing""}"
38012684,40.37074,-88.134175,"{""crossing:barrier"": ""full"", ""railway"": ""level_crossing""}"
38013844,40.3877802,-86.9301099,"{""railway"": ""level_crossing""}"
38015128,40.4506595,-86.9620078,"{""crossing:barrier"": ""double_half"", ""crossing:light"": ""yes"", ""railway"": ""level_crossing""}"
38015417,40.4024561,-86.9080492,"{""railway"": ""level_crossing""}"
38016407,40.0351934,-87.9530251,"{""railway"": ""level_crossing""}"
38016424,39.9552328,-88.4067604,"{""railway"": ""level_crossing""}"
38016447,39.951545,-88.425587,"{""railway"": ""level_crossing""}"
38016456,39.947838,-88.444547,"{""railway"": ""level_crossing""}"
38016680,40.0352284,-87.9530251,"{""railway"": ""level_crossing""}"
38016729,40.032935,-87.9769516,"{""railway"": ""level_crossing""}"
38016757,40.0297636,-88.0097986,"{""railway"": ""level_crossing""}"
38016778,40.026085,-88.047817,"{""railway"": ""level_crossing""}"
38016784,40.0253575,-88.0552583,"{""railway"": ""level_crossing""}"
38016812,40.023609,-88.0733136,"{""railway"": ""level_crossing""}"
38016853,40.0200988,-88.1043404,"{""railway"": ""level_crossing""}"
38016912,39.9982423,-88.1992547,"{""railway"": ""level_crossing""}"
38016921,40.002606,-88.1803488,"{""railway"": ""level_crossing""}"
38016941,39.945808,-88.454753,"{""railway"": ""level_crossing""}"
38016966,39.984511,-88.258632,"{""railway"": ""level_crossing""}"
38016983,39.980909,-88.275175,"{""railway"": ""level_crossing""}"
38017009,40.3985063,-88.4093776,"{""railway"": ""level_crossing""}"
38017105,40.3838431,-88.4179806,"{""railway"": ""level_crossing""}"
38017174,40.3513581,-88.4379388,"{""railway"": ""level_crossing""}"
38017278,40.1130229,-88.3506648,"{""railway"": ""level_crossing""}"
38017279,40.4176235,-86.854636,"{""railway"": ""level_crossing""}"
38017565,40.1129989,-88.3332964,"{""railway"": ""level_crossing""}"
38019307,40.5099902,-86.8381928,"{""railway"": ""level_crossing""}"
38021062,40.318667,-88.280607,"{""railway"": ""level_crossing""}"
38021188,40.4044318,-86.8628061,"{""crossing:barrier"": ""no"", ""railway"": ""level_crossing""}"
38021844,40.2548816,-87.9384851,"{""railway"": ""level_crossing""}"
38022371,39.969903,-88.331612,"{""railway"": ""level_crossing""}"
38023229,40.3410096,-86.9337048,"{""railway"": ""level_crossing""}"
38024444,40.4417873,-86.8635053,"{""railway"": ""level_crossing""}"
38024446,40.4418472,-86.8635478,"{""railway"": ""level_crossing""}"
38024709,40.0544846,-88.251023,"{""crossing:barrier"": ""half"", ""crossing:bell"": ""yes"", ""crossing:light"": ""yes"", ""railway"": ""level_crossing"", ""source"": ""Bing""}"
38025172,40.1055437,-88.0171813,"{""railway"": ""level_crossing""}"
38025192,40.086059,-88.026882,"{""railway"": ""level_crossing""}"
38025202,40.054452,-88.042641,"{""railway"": ""level_crossing""}"
38025222,40.040246,-88.049716,"{""railway"": ""level_crossing""}"
38025258,40.0111949,-88.064219,"{""railway"": ""level_crossing""}"
38025268,39.996574,-88.071363,"{""railway"": ""level_crossing""}"
38025273,39.981923,-88.078642,"{""railway"": ""level_crossing""}"
38025291,39.967312,-88.085931,"{""railway"": ""level_crossing""}"
38025327,39.938273,-88.103878,"{""railway"": ""level_crossing""}"
38025347,39.924068,-88.1134266,"{""railway"": ""level_crossing""}"
38025362,39.909963,-88.122895,"{""railway"": ""level_crossing""}"
38025372,39.89471,-88.133129,"{""railway"": ""level_crossing""}"
38025402,40.2708509,-87.9294541,"{""railway"": ""level_crossing""}"
38025408,40.2696588,-87.9301204,"{""railway"": ""level_crossing""}"
38025425,40.2400951,-87.9468579,"{""railway"": ""level_crossing""}"
38025433,40.237845,-87.948077,"{""railway"": ""level_crossing""}"
38025471,40.170919,-87.983898,"{""railway"": ""level_crossing""}"
38025473,40.1566401,-87.9915391,"{""railway"": ""level_crossing""}"
38025476,40.15109,-87.994441,"{""railway"": ""level_crossing""}"
38025482,40.142314,-87.99883,"{""railway"": ""level_crossing""}"
38025741,39.981924,-88.078704,"{""railway"": ""level_crossing""}"
38025762,39.996576,-88.071421,"{""railway"": ""level_crossing""}"
38026288,40.1235441,-88.2468576,"{""crossing:barrier"": ""no"", ""crossing:bell"": ""yes"", ""crossing:light"": ""yes"", ""railway"": ""level_crossing""}"
38026292,40.123906,-88.2468563,"{""crossing:barrier"": ""no"", ""crossing:light"": ""yes"", ""railway"": ""level_crossing""}"
38027643,40.1272568,-88.2360716,"{""crossing:barrier"": ""half"", ""crossing:bell"": ""yes"", ""crossing:light"": ""yes"", ""railway"": ""level_crossing"", ""source"": ""Bing""}"
38028909,40.122671,-88.2626601,"{""railway"": ""level_crossing""}"
38032355,40.157338,-88.333804,"{""railway"": ""level_crossing""}"
38032885,40.2843429,-86.9139624,"{""railway"": ""level_crossing""}"
38035327,40.3779771,-86.9325841,"{""railway"": ""level_crossing""}"
38035416,40.359545,-86.9322307,"{""railway"": ""level_crossing""}"
38035819,40.4206105,-86.8580535,"{""crossing:barrier"": ""half"", ""railway"": ""level_crossing""}"
38035994,40.1055447,-88.017126,"{""railway"": ""level_crossing""}"
38040205,40.3268191,-86.9251322,"{""railway"": ""level_crossing""}"
38040755,40.482506,-86.8648264,"{""crossing:barrier"": ""full"", ""railway"": ""level_crossing""}"
38042310,39.9893589,-88.2376855,"{""railway"": ""level_crossing""}"
38042312,39.9894031,-88.2376869,"{""railway"": ""level_crossing""}"
38042491,40.3189244,-88.2329922,"{""railway"": ""level_crossing""}"
38043422,40.3013516,-86.9135947,"{""crossing:barrier"": ""full"", ""railway"": ""level_crossing""}"
38044204,40.360553,-86.999198,"{""railway"": ""level_crossing""}"
38044865,40.5476514,-86.8481124,"{""railway"": ""level_crossing""}"
38045411,40.2513434,-86.914308,"{""railway"": ""level_crossing""}"
38045420,40.2587169,-86.9149358,"{""railway"": ""level_crossing""}"
38046014,39.8936672,-88.276299,"{""crossing:barrier"": ""no"", ""crossing:bell"": ""no"", ""crossing:light"": ""no"", ""railway"": ""level_crossing""}"
38046271,40.4075862,-86.9020673,"{""railway"": ""level_crossing""}"
38047249,40.3796818,-86.8761802,"{""crossing:barrier"": ""full"", ""railway"": ""level_crossing""}"
38048951,40.1201618,-88.2327493,"{""crossing:barrier"": ""no"", ""crossing:light"": ""yes"", ""railway"": ""level_crossing""}"
38052289,40.192688,-87.972139,"{""railway"": ""level_crossing""}"
38052290,40.192687,-87.972248,"{""railway"": ""level_crossing""}"
38053248,40.1098867,-88.3884477,"{""railway"": ""level_crossing""}"
38055961,40.317337,-88.174722,"{""crossing:barrier"": ""no"", ""crossing:bell"": ""no"", ""crossing:light"": ""no"", ""railway"": ""level_crossing""}"
38058986,40.0690024,-88.2487283,"{""crossing:barrier"": ""half"", ""crossing:bell"": ""yes"", ""crossing:light"": ""yes"", ""railway"": ""level_crossing""}"
38066354,40.122417,-88.241231,"{""railway"": ""level_crossing""}"
38066357,40.1230354,-88.243563,"{""crossing:barrier"": ""no"", ""crossing:bell"": ""no"", ""crossing:light"": ""yes"", ""railway"": ""level_crossing""}"
38066403,40.129494,-88.262729,"{""crossing:barrier"": ""no"", ""crossing:bell"": ""no"", ""crossing:light"": ""yes"", ""railway"": ""level_crossing""}"
38066416,40.1346632,-88.2771192,"{""crossing:barrier"": ""no"", ""crossing:bell"": ""no"", ""crossing:light"": ""yes"", ""railway"": ""level_crossing""}"
38069836,40.149301,-88.314885,"{""crossing:barrier"": ""half"", ""crossing:bell"": ""yes"", ""crossing:light"": ""yes"", ""railway"": ""level_crossing""}"
38069838,40.149267,-88.314884,"{""crossing:barrier"": ""half"", ""crossing:bell"": ""yes"", ""crossing:light"": ""yes"", ""railway"": ""level_crossing""}"
38073769,40.3559691,-88.1404202,"{""railway"": ""level_crossing""}"
38076930,40.0312582,-87.9943392,"{""railway"": ""level_crossing""}"
38078393,40.1204582,-88.2817405,"{""crossing:barrier"": ""no"", ""crossing:bell"": ""yes"", ""crossing:light"": ""yes"", ""railway"": ""level_crossing""}"
38082764,39.966457,-88.349266,"{""railway"": ""level_crossing""}"
38089598,39.9815316,-88.2625362,"{""crossing:barrier"": ""half"", ""crossing:bell"": ""yes"", ""crossing:light"": ""yes"", ""railway"": ""level_crossing""}"
38092866,40.1219509,-88.2394773,"{""crossing:barrier"": ""no"", ""crossing:bell"": ""yes"", ""crossing:light"": ""yes"", ""railway"": ""level_crossing""}"
38092870,40.122285,-88.2393388,"{""crossing:barrier"": ""no"", ""railway"": ""level_crossing""}"
38097613,40.2534139,-88.1834199,"{""crossing:barrier"": ""half"", ""crossing:bell"": ""yes"", ""crossing:light"": ""yes"", ""railway"": ""level_crossing""}"
38097897,40.3154713,-88.1589423,"{""crossing:barrier"": ""no"", ""crossing:bell"": ""no"", ""crossing:light"": ""no"", ""railway"": ""level_crossing""}"
38100434,40.1146737,-88.2023912,"{""crossing:barrier"": ""no"", ""railway"": ""level_crossing""}"
38104160,40.318823,-88.2520198,"{""railway"": ""level_crossing""}"
38104514,40.0077648,-88.1579539,"{""railway"": ""level_crossing""}"
38104975,40.1148917,-88.2074854,"{""crossing:barrier"": ""no"", ""crossing:bell"": ""yes"", ""crossing:light"": ""yes"", ""railway"": ""level_crossing""}"
38107498,40.3617494,-88.4315267,"{""railway"": ""level_crossing""}"
38109099,40.039425,-88.2534092,"{""crossing:barrier"": ""half"", ""crossing:bell"": ""yes"", ""crossing:light"": ""yes"", ""railway"": ""level_crossing""}"
38112564,40.318636,-88.28507,"{""railway"": ""level_crossing""}"
38112585,40.3187274,-88.2710129,"{""railway"": ""level_crossing""}"
38112883,40.3413459,-88.1465566,"{""crossing:barrier"": ""half"", ""crossing:light"": ""yes"", ""railway"": ""level_crossing""}"
38112938,40.3142748,-88.1579125,"{""crossing:barrier"": ""half"", ""crossing:bell"": ""yes"", ""crossing:light"": ""yes"", ""railway"": ""level_crossing""}"
38112995,40.2753959,-88.1742192,"{""crossing:barrier"": ""half"", ""crossing:bell"": ""yes"", ""crossing:light"": ""yes"", ""railway"": ""level_crossing""}"
38113048,40.2387892,-88.1895326,"{""crossing:barrier"": ""half"", ""crossing:bell"": ""yes"", ""crossing:light"": ""yes"", ""railway"": ""level_crossing""}"
38113117,40.1892627,-88.2102262,"{""crossing:barrier"": ""half"", ""crossing:bell"": ""yes"", ""crossing:light"": ""yes"", ""railway"": ""level_crossing""}"
38113146,40.171031,-88.2177727,"{""crossing:barrier"": ""half"", ""crossing:bell"": ""yes"", ""crossing:light"": ""yes"", ""railway"": ""level_crossing""}"
38113435,40.1272574,-88.235916,"{""crossing:barrier"": ""half"", ""crossing:bell"": ""yes"", ""crossing:light"": ""yes"", ""railway"": ""level_crossing"", ""source"": ""Bing""}"
38113792,40.0102758,-88.2580136,"{""crossing:barrier"": ""half"", ""crossing:light"": ""yes"", ""railway"": ""level_crossing""}"
38113830,39.990089,-88.2611916,"{""crossing:barrier"": ""half"", ""crossing:bell"": ""yes"", ""crossing:light"": ""yes"", ""railway"": ""level_crossing""}"
38114140,40.1272571,-88.2360141,"{""crossing:barrier"": ""half"", ""crossing:bell"": ""yes"", ""crossing:light"": ""yes"", ""railway"": ""level_crossing"", ""source"": ""Bing""}"
38114172,40.1235255,-88.2485379,"{""railway"": ""level_crossing""}"
38114185,40.1233152,-88.2501814,"{""railway"": ""level_crossing""}"
38114269,40.1210426,-88.2769042,"{""crossing:barrier"": ""no"", ""crossing:bell"": ""yes"", ""crossing:light"": ""yes"", ""railway"": ""level_crossing""}"
38114369,40.1130126,-88.294378,"{""crossing:barrier"": ""no"", ""crossing:bell"": ""no"", ""crossing:light"": ""yes"", ""description"": ""Bicyclists: be careful, especially in wet weather."", ""railway"": ""level_crossing""}"
38114396,40.112944,-88.31453,"{""crossing:barrier"": ""half"", ""crossing:bell"": ""yes"", ""crossing:light"": ""yes"", ""railway"": ""level_crossing""}"
38114411,40.1129961,-88.3318455,"{""railway"": ""level_crossing""}"
38114461,40.110998,-88.369557,"{""railway"": ""level_crossing""}"
38114515,40.109064,-88.407419,"{""railway"": ""level_crossing""}"
38114759,39.9157636,-88.2728515,"{""crossing:barrier"": ""half"", ""crossing:bell"": ""yes"", ""crossing:light"": ""yes"", ""railway"": ""level_crossing""}"
38114762,39.922612,-88.27178,"{""crossing:barrier"": ""half"", ""crossing:bell"": ""yes"", ""crossing:light"": ""yes"", ""railway"": ""level_crossing""}"
38114771,39.9371068,-88.2695081,"{""crossing:barrier"": ""half"", ""crossing:bell"": ""yes"", ""crossing:light"": ""yes"", ""railway"": ""level_crossing""}"
38114774,39.9516289,-88.267236,"{""crossing:barrier"": ""no"", ""crossing:bell"": ""no"", ""crossing:light"": ""no"", ""railway"": ""level_crossing""}"
38114797,39.9667543,-88.2648086,"{""crossing:barrier"": ""half"", ""crossing:bell"": ""yes"", ""crossing:light"": ""yes"", ""railway"": ""level_crossing""}"
38114820,39.9815401,-88.2624832,"{""crossing:barrier"": ""half"", ""crossing:bell"": ""yes"", ""crossing:light"": ""yes"", ""railway"": ""level_crossing""}"
38116993,40.199787,-87.968443,"{""railway"": ""level_crossing""}"
38117072,40.2002334,-88.2056469,"{""crossing:barrier"": ""half"", ""crossing:bell"": ""yes"", ""crossing:light"": ""yes"", ""railway"": ""level_crossing""}"
38117953,39.9552701,-88.4067626,"{""railway"": ""level_crossing""}"
38120495,39.9667509,-88.2648661,"{""crossing:barrier"": ""half"", ""crossing:bell"": ""yes"", ""crossing:light"": ""yes"", ""railway"": ""level_crossing""}"
38120567,40.3154571,-88.160516,"{""crossing:barrier"": ""no"", ""crossing:bell"": ""no"", ""crossing:light"": ""no"", ""railway"": ""level_crossing""}"
38120968,40.3868361,-88.1274864,"{""crossing:barrier"": ""half"", ""crossing:light"": ""yes"", ""railway"": ""level_crossing""}"
38121300,40.3142757,-88.1578563,"{""crossing:barrier"": ""half"", ""crossing:bell"": ""yes"", ""crossing:light"": ""yes"", ""railway"": ""level_crossing""}"
38126758,40.1782269,-87.9799874,"{""railway"": ""level_crossing""}"
38127577,39.9863378,-88.2617857,"{""crossing:barrier"": ""half"", ""crossing:bell"": ""yes"", ""crossing:light"": ""yes"", ""railway"": ""level_crossing""}"
38128413,40.1271743,-88.2562869,"{""crossing:barrier"": ""no"", ""crossing:bell"": ""no"", ""crossing:light"": ""yes"", ""railway"": ""level_crossing"", ""source"": ""Bing""}"
38132731,40.3105886,-88.1594019,"{""crossing:barrier"": ""half"", ""crossing:bell"": ""yes"", ""crossing:light"": ""yes"", ""railway"": ""level_crossing""}"
38132734,40.3105932,-88.1594597,"{""crossing:barrier"": ""half"", ""crossing:bell"": ""yes"", ""crossing:light"": ""yes"", ""railway"": ""level_crossing""}"
38133930,40.3868237,-88.1274374,"{""crossing:barrier"": ""half"", ""crossing:light"": ""yes"", ""railway"": ""level_crossing""}"
38135878,40.123473,-88.2452217,"{""crossing:barrier"": ""no"", ""crossing:bell"": ""yes"", ""crossing:light"": ""yes"", ""railway"": ""level_crossing""}"
38136938,39.96642,-88.349265,"{""railway"": ""level_crossing""}"
38138347,40.3401396,-88.4448299,"{""railway"": ""level_crossing""}"
38141126,40.122754,-88.242501,"{""crossing:barrier"": ""no"", ""crossing:light"": ""yes"", ""railway"": ""level_crossing""}"
38141530,40.0069676,-88.1613914,"{""railway"": ""level_crossing""}"
38145539,40.225988,-87.954407,"{""railway"": ""level_crossing""}"
38145888,40.2241811,-88.1956389,"{""crossing:barrier"": ""half"", ""crossing:bell"": ""yes"", ""crossing:light"": ""yes"", ""railway"": ""level_crossing""}"
38149508,40.0156812,-88.123546,"{""railway"": ""level_crossing""}"
38150773,39.9673796,-88.3445441,"{""railway"": ""level_crossing""}"
38157720,40.1222772,-88.2662255,"{""railway"": ""level_crossing""}"
38160395,40.2680731,-88.1772829,"{""crossing:barrier"": ""half"", ""crossing:bell"": ""yes"", ""crossing:light"": ""yes"", ""railway"": ""level_crossing""}"
38161821,39.9735559,-88.3129023,"{""railway"": ""level_crossing""}"
38162038,40.1207762,-88.2350463,"{""crossing:barrier"": ""no"", ""crossing:bell"": ""no"", ""crossing:light"": ""no"", ""railway"": ""level_crossing""}"
38162160,40.1128944,-88.2954455,"{""crossing:barrier"": ""no"", ""crossing:bell"": ""yes"", ""crossing:light"": ""yes"", ""railway"": ""level_crossing""}"
38162752,39.945775,-88.454742,"{""railway"": ""level_crossing""}"
38165660,39.9951485,-88.2126594,"{""railway"": ""level_crossing""}"
38167784,40.1186721,-88.2271313,"{""railway"": ""level_crossing""}"
42081400,41.5333934,-84.2293388,"{""railway"": ""level_crossing""}"
42088867,41.5560465,-84.0908607,"{""railway"": ""level_crossing""}"
42088873,41.556006,-84.0908606,"{""railway"": ""level_crossing""}"
42098628,41.519071,-84.322907,"{""railway"": ""level_crossing""}"
42107533,41.5637421,-84.0511186,"{""railway"": ""level_crossing""}"
42107539,41.5648035,-84.0445972,"{""railway"": ""level_crossing""}"
42107605,41.5667238,-84.0401297,"{""railway"": ""level_crossing""}"
42108021,41.5616931,-84.0594041,"{""railway"": ""level_crossing""}"
42114396,41.5662112,-84.055609,"{""railway"": ""level_crossing""}"
42122882,41.5616514,-84.0569026,"{""railway"": ""level_crossing""}"
42122912,41.5618595,-84.0597391,"{""railway"": ""level_crossing""}"
42123932,41.562439,-84.0653737,"{""railway"": ""level_crossing""}"
42125340,41.5671276,-84.0397842,"{""railway"": ""level_crossing""}"
42127075,41.5648827,-84.0446173,"{""railway"": ""level_crossing""}"
42127123,41.5638349,-84.0511667,"{""railway"": ""level_crossing""}"
42148138,41.5117407,-84.2972109,"{""railway"": ""level_crossing""}"
42148678,41.516631,-84.296502,"{""railway"": ""level_crossing""}"
42148724,41.50911,-84.296598,"{""railway"": ""level_crossing""}"
42152323,41.5175935,-84.3256512,"{""railway"": ""level_crossing""}"
42178178,41.544303,-84.162571,"{""railway"": ""level_crossing""}"
42293855,41.5689305,-84.0418751,"{""railway"": ""level_crossing""}"
42308518,41.5165819,-84.2963973,"{""railway"": ""level_crossing""}"
42351625,41.546992,-84.1461074,"{""railway"": ""level_crossing""}"
42353285,41.56154,-84.056906,"{""railway"": ""level_crossing""}"
42368342,41.5478425,-84.1411227,"{""railway"": ""level_crossing""}"
42371843,41.664221,-84.0065679,"{""railway"": ""level_crossing""}"
42374433,41.5112093,-84.2966185,"{""railway"": ""level_crossing""}"
42383613,41.5204513,-84.3087354,"{""railway"": ""level_crossing""}"
42393434,41.5148964,-84.342049,"{""railway"": ""level_crossing""}"
42400661,41.51428,-84.296498,"{""railway"": ""level_crossing""}"
42404791,41.5674674,-84.0205472,"{""railway"": ""level_crossing""}"
42404844,41.558389,-84.0762709,"{""crossing:barrier"": ""half"", ""railway"": ""level_crossing""}"
42404862,41.55207,-84.114908,"{""crossing:barrier"": ""half"", ""railway"": ""level_crossing""}"
42404873,41.5478042,-84.1411116,"{""railway"": ""level_crossing""}"
42404878,41.545805,-84.1533862,"{""railway"": ""level_crossing""}"
42404912,41.5395187,-84.19192,"{""railway"": ""level_crossing""}"
42404926,41.536352,-84.211283,"{""railway"": ""level_crossing""}"
42404945,41.5302585,-84.2484742,"{""railway"": ""level_crossing""}"
42404948,41.5286844,-84.2580782,"{""railway"": ""level_crossing""}"
42404951,41.5271092,-84.2677432,"{""railway"": ""level_crossing""}"
42405011,41.5207712,-84.3063228,"{""railway"": ""level_crossing""}"
42405021,41.5203754,-84.3087361,"{""railway"": ""level_crossing""}"
42408800,41.6983208,-84.3604039,"{""railway"": ""level_crossing""}"
42408817,41.6952631,-84.3667135,"{""railway"": ""level_crossing""}"
42408827,41.688741,-84.380229,"{""railway"": ""level_crossing""}"
42416461,41.5199376,-84.2965115,"{""railway"": ""level_crossing""}"
46561388,39.6991952,-89.1265152,"{""railway"": ""level_crossing""}"
46563433,39.8529132,-89.1539706,"{""railway"": ""level_crossing""}"
46567350,39.6922194,-89.003396,"{""railway"": ""level_crossing""}"
46578970,39.8144,-88.8497992,"{""railway"": ""level_crossing""}"
46582378,39.7063267,-88.9996198,"{""railway"": ""level_crossing""}"
46582569,39.8602906,-88.9500972,"{""railway"": ""level_crossing"", ""source"": ""Bing""}"
46586187,39.9467379,-89.1054407,"{""railway"": ""level_crossing""}"
46589004,39.8446882,-88.925878,"{""railway"": ""level_crossing"", ""source"": ""Bing""}"
46589030,39.8376642,-88.9152647,"{""railway"": ""level_crossing"", ""source"": ""Bing""}"
46589052,39.8320689,-88.9068338,"{""railway"": ""level_crossing"", ""source"": ""image"", ""source_ref"": ""yahoo aerial imagery""}"
46589061,39.8284383,-88.9013458,"{""railway"": ""level_crossing"", ""source"": ""Bing""}"
46589082,39.8213047,-88.8784007,"{""railway"": ""level_crossing"", ""source"": ""Bing""}"
46589085,39.8212726,-88.8782627,"{""railway"": ""level_crossing"", ""source"": ""Bing""}"
46589126,39.8121191,-88.840334,"{""railway"": ""level_crossing""}"
46589133,39.8087771,-88.8264052,"{""railway"": ""level_crossing""}"
46589191,39.7994093,-88.7739115,"{""railway"": ""level_crossing""}"
46589194,39.7994175,-88.7677628,"{""railway"": ""level_crossing""}"
46589198,39.7994121,-88.7598147,"{""railway"": ""level_crossing""}"
46589905,39.8075541,-88.8213391,"{""railway"": ""level_crossing""}"
46593242,39.7011716,-89.124049,"{""railway"": ""level_crossing""}"
46593247,39.7012433,-89.1241335,"{""railway"": ""level_crossing""}"
46594594,39.8763772,-88.8030304,"{""railway"": ""level_crossing"", ""source"": ""Bing""}"
46594597,39.8797518,-88.7863839,"{""railway"": ""level_crossing""}"
46594953,39.8529372,-89.1987537,"{""railway"": ""level_crossing""}"
46594976,39.8529188,-89.1705469,"{""railway"": ""level_crossing""}"
46594989,39.8529115,-89.1611582,"{""crossing:barrier"": ""yes"", ""crossing:bell"": ""yes"", ""crossing:light"": ""yes"", ""railway"": ""level_crossing""}"
46595002,39.8529053,-89.1428608,"{""railway"": ""level_crossing""}"
46595023,39.852844,-89.0851528,"{""railway"": ""level_crossing""}"
46595040,39.853155,-89.0480278,"{""railway"": ""level_crossing""}"
46595181,39.7033943,-89.1214214,"{""railway"": ""level_crossing""}"
46595741,39.8634566,-88.898083,"{""railway"": ""level_crossing""}"
46597224,39.93743,-88.8677763,"{""crossing:barrier"": ""no"", ""railway"": ""level_crossing""}"
46598071,39.9633432,-88.84198,"{""crossing:barrier"": ""no"", ""railway"": ""level_crossing""}"
46598748,39.875772,-88.8059819,"{""railway"": ""level_crossing""}"
46599779,39.7083739,-88.9990836,"{""railway"": ""level_crossing""}"
46601214,39.8148853,-88.9615869,"{""railway"": ""level_crossing"", ""source"": ""image"", ""source_ref"": ""yahoo aerial imagery""}"
46602442,39.9522914,-88.8529624,"{""crossing:barrier"": ""no"", ""railway"": ""level_crossing""}"
46606119,39.7993994,-88.7834784,"{""railway"": ""level_crossing""}"
46607412,39.7094055,-88.9987948,"{""railway"": ""level_crossing""}"
46612930,39.7735022,-88.8730685,"{""railway"": ""level_crossing""}"
46613546,39.6542945,-89.013497,"{""railway"": ""level_crossing""}"
46615033,39.7447565,-88.8424538,"{""railway"": ""level_crossing""}"
46619912,39.863754,-88.9410093,"{""railway"": ""level_crossing""}"
46621120,39.8201044,-88.8734132,"{""railway"": ""level_crossing"", ""source"": ""Bing""}"
46622437,39.710406,-88.9985283,"{""railway"": ""level_crossing""}"
46628043,39.9857239,-88.8148848,"{""railway"": ""level_crossing""}"
46629094,40.007777,-88.745361,"{""railway"": ""level_crossing""}"
46631923,39.7648939,-89.0496354,"{""railway"": ""level_crossing""}"
46631931,39.7575169,-89.0582962,"{""railway"": ""level_crossing""}"
46631950,39.7429598,-89.0753331,"{""railway"": ""level_crossing""}"
46631968,39.7247294,-89.0966708,"{""railway"": ""level_crossing""}"
46631976,39.7194013,-89.1029128,"{""railway"": ""level_crossing""}"
46631984,39.7138249,-89.1094324,"{""railway"": ""level_crossing""}"
46631993,39.7035454,-89.1214282,"{""railway"": ""level_crossing""}"
46632115,39.6879069,-89.1397237,"{""railway"": ""level_crossing""}"
46632180,39.848849,-88.9452308,"{""railway"": ""level_crossing"", ""source"": ""Bing""}"
46633488,39.8850062,-88.9926803,"{""railway"": ""level_crossing""}"
46633500,39.8886285,-88.9983794,"{""railway"": ""level_crossing"", ""source"": ""Bing""}"
46633540,39.930376,-89.0622042,"{""railway"": ""level_crossing""}"
46633547,39.9331301,-89.066694,"{""railway"": ""level_crossing""}"
46633598,39.9403217,-89.0863882,"{""railway"": ""level_crossing""}"
46633608,39.953138,-89.1244604,"{""railway"": ""level_crossing""}"
46633631,39.9596707,-89.1438738,"{""crossing:barrier"": ""no"", ""crossing:bell"": ""no"", ""crossing:light"": ""no"", ""railway"": ""level_crossing""}"
46633663,39.8682202,-88.9365816,"{""railway"": ""level_crossing""}"
46633967,39.7799812,-88.979866,"{""railway"": ""level_crossing""}"
46634164,39.6762859,-89.0076386,"{""railway"": ""level_crossing""}"
46634239,39.727331,-88.9940104,"{""railway"": ""level_crossing""}"
46634308,39.8061715,-88.9526741,"{""railway"": ""level_crossing""}"
46634370,39.7860054,-88.9095438,"{""railway"": ""level_crossing""}"
46634424,39.7747831,-88.8754108,"{""railway"": ""level_crossing""}"
46634477,39.7698765,-88.8695622,"{""railway"": ""level_crossing"", ""source"": ""Bing""}"
46634586,39.7436799,-88.8412763,"{""railway"": ""level_crossing""}"
46634609,39.735286,-88.8315129,"{""railway"": ""level_crossing""}"
46634650,39.7128058,-88.9978909,"{""crossing:barrier"": ""no"", ""crossing:bell"": ""yes"", ""crossing:light"": ""yes"", ""railway"": ""level_crossing""}"
46634742,39.8614801,-88.9638615,"{""railway"": ""level_crossing"", ""source"": ""Bing""}"
46634810,39.8868608,-88.9180559,"{""railway"": ""level_crossing"", ""source"": ""Bing""}"
46634901,39.9385044,-88.8666605,"{""crossing:barrier"": ""no"", ""railway"": ""level_crossing""}"
46634953,39.9818686,-88.8232892,"{""railway"": ""level_crossing""}"
46634965,39.9823567,-88.8224617,"{""crossing:barrier"": ""no"", ""railway"": ""level_crossing""}"
46634981,39.9834264,-88.8201147,"{""railway"": ""level_crossing""}"
46635011,39.9904122,-88.8034867,"{""crossing:barrier"": ""no"", ""railway"": ""level_crossing""}"
46635106,39.8740471,-88.9173243,"{""railway"": ""level_crossing""}"
46635166,39.7437387,-88.841275,"{""railway"": ""level_crossing""}"
46639524,39.8180304,-88.9872533,"{""railway"": ""level_crossing"", ""source"": ""image"", ""source_ref"": ""yahoo aerial imagery""}"
46640354,39.7518893,-88.8508256,"{""railway"": ""level_crossing""}"
46642565,39.7887755,-88.9190761,"{""railway"": ""level_crossing""}"
46643515,39.8656467,-88.8557216,"{""railway"": ""level_crossing""}"
46643856,39.9670089,-88.8383458,"{""crossing:barrier"": ""no"", ""railway"": ""level_crossing""}"
46644978,39.8596047,-88.9484685,"{""railway"": ""level_crossing"", ""source"": ""Bing""}"
46646444,39.8632825,-88.9171766,"{""railway"": ""level_crossing""}"
53408230,42.9178074,-89.214243,"{""railway"": ""level_crossing""}"
53450728,42.975384,-89.224952,"{""crossing:barrier"": ""double_half"", ""crossing:bell"": ""yes"", ""railway"": ""level_crossing""}"
53452255,42.960102,-89.222013,"{""railway"": ""level_crossing""}"
53452289,42.9285597,-89.2222283,"{""railway"": ""level_crossing""}"
53452344,42.907149,-89.205316,"{""railway"": ""level_crossing""}"
53452475,42.872087,-89.1615414,"{""railway"": ""level_crossing""}"
53452544,42.8664794,-89.1320395,"{""railway"": ""level_crossing""}"
53505316,42.9149621,-89.2120492,"{""crossing:barrier"": ""half"", ""railway"": ""level_crossing""}"
53517815,42.886451,-89.388542,"{""railway"": ""level_crossing""}"
53517834,42.8780938,-89.3849265,"{""railway"": ""level_crossing""}"
53518136,42.9774532,-89.3922625,"{""railway"": ""level_crossing""}"
53518144,42.9683785,-89.3893246,"{""railway"": ""level_crossing""}"
53523113,42.940195,-89.223235,"{""crossing:barrier"": ""double_half"", ""crossing:light"": ""yes"", ""railway"": ""level_crossing""}"
53548609,42.9029261,-89.1905387,"{""railway"": ""level_crossing""}"
53559058,42.9869161,-89.3953197,"{""railway"": ""level_crossing""}"
53575758,42.971975,-89.3904965,"{""railway"": ""level_crossing""}"
53593039,42.9866233,-89.2331691,"{""railway"": ""level_crossing""}"
53612843,42.9064481,-89.3880275,"{""railway"": ""level_crossing""}"
61588090,42.657423,-84.137012,"{""railway"": ""level_crossing""}"
61615439,42.6575331,-84.112437,"{""railway"": ""level_crossing""}"
61615505,42.6429208,-84.0338434,"{""crossing:barrier"": ""yes"", ""crossing:bell"": ""yes"", ""crossing:light"": ""yes"", ""crossing:saltire"": ""yes"", ""lit"": ""no"", ""operator"": ""CSX Transportation"", ""operator:phone"": ""+1-800-232-0144"", ""operator:wikidata"": ""Q856783"", ""railway"": ""level_crossing"", ""ref"": ""234 376 S""}"
61615512,42.6360373,-84.0173199,"{""railway"": ""level_crossing""}"
61644783,42.6558766,-84.072928,"{""crossing:barrier"": ""yes"", ""crossing:bell"": ""yes"", ""crossing:light"": ""yes"", ""crossing:saltire"": ""yes"", ""lit"": ""yes"", ""operator"": ""CSX Transportation"", ""operator:phone"": ""+1-800-232-0144"", ""operator:wikidata"": ""Q856783"", ""railway"": ""level_crossing"", ""ref"": ""234 380 G""}"
61656558,42.646463,-84.0432723,"{""crossing:barrier"": ""yes"", ""crossing:bell"": ""yes"", ""crossing:light"": ""yes"", ""crossing:saltire"": ""yes"", ""lit"": ""no"", ""operator"": ""CSX Transportation"", ""operator:phone"": ""+1-800-232-0144"", ""operator:wikidata"": ""Q856783"", ""railway"": ""level_crossing"", ""ref"": ""234 377 Y""}"
61658903,42.6575556,-84.1025386,"{""railway"": ""level_crossing""}"
62488014,42.2787238,-84.1231947,"{""railway"": ""level_crossing""}"
62488833,42.3212201,-84.0063255,"{""railway"": ""level_crossing""}"
62488894,42.284849,-84.1035757,"{""railway"": ""level_crossing""}"
62521369,42.3154182,-84.0343431,"{""railway"": ""level_crossing""}"
62541542,42.2913891,-84.0917445,"{""railway"": ""level_crossing""}"
62570305,42.3174689,-84.0267717,"{""railway"": ""level_crossing""}"
62604360,42.3024441,-84.0691184,"{""railway"": ""level_crossing""}"
62949821,41.287426,-84.308227,"{""railway"": ""level_crossing""}"
62961780,41.2740889,-84.4380666,"{""railway"": ""level_crossing""}"
62993779,41.3327908,-84.2684246,"{""railway"": ""level_crossing""}"
62994008,41.312957,-84.3137817,"{""railway"": ""level_crossing""}"
62995051,41.263465,-84.43884,"{""railway"": ""level_crossing""}"
63016958,41.2875,-84.310207,"{""railway"": ""level_crossing""}"
63016960,41.287458,-84.3101739,"{""railway"": ""level_crossing""}"
63021128,41.287285,-84.3126767,"{""railway"": ""level_crossing""}"
63043820,41.3423372,-84.2465883,"{""railway"": ""level_crossing""}"
63046172,41.276942,-84.380153,"{""railway"": ""level_crossing""}"
63046175,41.277973,-84.378056,"{""railway"": ""level_crossing""}"
63046200,41.2823879,-84.370961,"{""railway"": ""level_crossing""}"
63046213,41.285288,-84.36733,"{""railway"": ""level_crossing""}"
63046229,41.2899608,-84.3642944,"{""railway"": ""level_crossing""}"
63046238,41.2909274,-84.363532,"{""railway"": ""level_crossing""}"
63046268,41.2945006,-84.3559763,"{""railway"": ""level_crossing""}"
63046291,41.3007442,-84.3417037,"{""railway"": ""level_crossing""}"
63046298,41.3087571,-84.3234916,"{""crossing:barrier"": ""half"", ""railway"": ""level_crossing""}"
63046302,41.3116189,-84.3169172,"{""railway"": ""level_crossing""}"
63046326,41.3183602,-84.3014266,"{""crossing:barrier"": ""no"", ""railway"": ""level_crossing""}"
63046351,41.3255293,-84.2850321,"{""railway"": ""level_crossing""}"
63046356,41.3271082,-84.2814212,"{""railway"": ""level_crossing""}"
63046362,41.3389298,-84.2543827,"{""railway"": ""level_crossing""}"
63046365,41.3404683,-84.2508635,"{""railway"": ""level_crossing""}"
63048747,41.278423,-84.473246,"{""railway"": ""level_crossing""}"
63049015,41.2858268,-84.3656771,"{""railway"": ""level_crossing""}"
63050843,41.2813431,-84.3725194,"{""railway"": ""level_crossing""}"
63059297,41.283229,-84.519288,"{""railway"": ""level_crossing""}"
63064191,41.325911,-84.2841592,"{""railway"": ""level_crossing""}"
63065989,41.2827876,-84.515672,"{""railway"": ""level_crossing""}"
63066160,41.283058,-84.49305,"{""railway"": ""level_crossing""}"
63066215,41.2747165,-84.4574786,"{""railway"": ""level_crossing""}"
63066329,41.2763184,-84.3923242,"{""railway"": ""level_crossing""}"
63066503,41.2867864,-84.5725418,"{""railway"": ""level_crossing""}"
63066586,41.2867433,-84.5725426,"{""railway"": ""level_crossing""}"
63066598,41.2876229,-84.5920364,"{""railway"": ""level_crossing""}"
63066619,41.289284,-84.630818,"{""railway"": ""level_crossing""}"
63066639,41.2901136,-84.650055,"{""railway"": ""level_crossing""}"
63066644,41.2909404,-84.6693877,"{""railway"": ""level_crossing""}"
63066648,41.2918007,-84.6895456,"{""railway"": ""level_crossing""}"
63066666,41.2935112,-84.7281093,"{""railway"": ""level_crossing""}"
63067836,41.2796564,-84.3417726,"{""railway"": ""level_crossing""}"
63068037,41.2823575,-84.3709243,"{""railway"": ""level_crossing""}"
63073213,41.285911,-84.55343,"{""railway"": ""level_crossing""}"
63073215,41.2859422,-84.5534292,"{""railway"": ""level_crossing""}"
63079629,41.2793823,-84.3140707,"{""railway"": ""level_crossing""}"
63088789,41.2797502,-84.3512622,"{""railway"": ""level_crossing""}"
63095378,41.230607,-84.034261,"{""railway"": ""level_crossing""}"
63095380,41.230638,-84.034223,"{""railway"": ""level_crossing""}"
63095560,41.2640452,-84.2099581,"{""railway"": ""level_crossing""}"
63097887,41.3882683,-84.1413028,"{""railway"": ""level_crossing""}"
63122278,41.2310081,-84.0361703,"{""railway"": ""level_crossing""}"
63122314,41.2346695,-84.055394,"{""railway"": ""level_crossing""}"
63148139,41.2539709,-84.1570045,"{""railway"": ""level_crossing""}"
63154901,41.2450349,-84.0315666,"{""railway"": ""level_crossing""}"
63172260,41.2309688,-84.0361702,"{""railway"": ""level_crossing""}"
63173643,41.377836,-84.0328999,"{""railway"": ""level_crossing""}"
63174172,41.2308542,-84.0296669,"{""railway"": ""level_crossing""}"
63174174,41.2309426,-84.0299894,"{""railway"": ""level_crossing""}"
63174301,41.3547893,-84.2181757,"{""railway"": ""level_crossing""}"
63176562,41.457656,-84.032881,"{""railway"": ""level_crossing""}"
63180872,41.2493936,-84.1330057,"{""railway"": ""level_crossing""}"
63180899,41.395653,-84.124327,"{""railway"": ""level_crossing""}"
63181770,41.249887,-84.135615,"{""railway"": ""level_crossing""}"
63182769,41.392244,-84.132123,"{""railway"": ""level_crossing""}"
63184053,41.3268183,-84.0329072,"{""railway"": ""level_crossing""}"
63184056,41.3195078,-84.0328294,"{""railway"": ""level_crossing""}"
63184134,41.2977555,-84.032454,"{""railway"": ""level_crossing""}"
63184192,41.283167,-84.032201,"{""railway"": ""level_crossing""}"
63184226,41.2686154,-84.0319611,"{""railway"": ""level_crossing""}"
63184230,41.2540681,-84.0317191,"{""crossing:light"": ""yes"", ""railway"": ""level_crossing""}"
63184256,41.2396032,-84.031471,"{""railway"": ""level_crossing""}"
63184293,41.2336357,-84.0299,"{""railway"": ""level_crossing""}"
63184323,41.228647,-84.0303944,"{""railway"": ""level_crossing""}"
63184339,41.225084,-84.0312576,"{""railway"": ""level_crossing""}"
63184351,41.2105707,-84.0310758,"{""railway"": ""level_crossing""}"
63184355,41.1960046,-84.0309118,"{""railway"": ""level_crossing""}"
63184360,41.1894477,-84.0308217,"{""railway"": ""level_crossing""}"
63184406,41.1814743,-84.0296506,"{""railway"": ""level_crossing""}"
63185724,41.3756943,-84.1701885,"{""railway"": ""level_crossing""}"
63186102,41.2567422,-84.171565,"{""railway"": ""level_crossing""}"
63187043,41.3674602,-84.1890932,"{""railway"": ""level_crossing""}"
63189328,41.3833187,-84.1526714,"{""railway"": ""level_crossing""}"
63189633,41.4066834,-84.1055665,"{""railway"": ""level_crossing""}"
63191894,41.3632724,-84.1986906,"{""railway"": ""level_crossing""}"
63195415,41.267342,-84.227432,"{""railway"": ""level_crossing""}"
63201130,41.4266981,-84.0571277,"{""railway"": ""level_crossing""}"
63209334,41.393697,-84.128815,"{""railway"": ""level_crossing""}"
63211640,41.2486975,-84.1293155,"{""railway"": ""level_crossing""}"
63217869,41.472257,-84.032892,"{""crossing:barrier"": ""no"", ""railway"": ""level_crossing""}"
63218505,41.3925145,-84.1315294,"{""railway"": ""level_crossing""}"
63218511,41.3944602,-84.1270576,"{""railway"": ""level_crossing""}"
63218515,41.395374,-84.1249681,"{""railway"": ""level_crossing""}"
63218576,41.4125431,-84.0958905,"{""railway"": ""level_crossing""}"
63218603,41.4197199,-84.0764825,"{""railway"": ""level_crossing""}"
63218636,41.428359,-84.052514,"{""railway"": ""level_crossing""}"
63218693,41.4334975,-84.0382844,"{""railway"": ""level_crossing""}"
63218743,41.4406147,-84.0185406,"{""railway"": ""level_crossing""}"
63218768,41.4430815,-84.0117034,"{""railway"": ""level_crossing""}"
63220292,41.446695,-84.0016883,"{""railway"": ""level_crossing""}"
63220496,41.3858077,-84.1469505,"{""railway"": ""level_crossing""}"
63220527,41.3578479,-84.2111028,"{""railway"": ""level_crossing""}"
63220538,41.3564683,-84.214326,"{""railway"": ""level_crossing""}"
63220549,41.3507094,-84.2274354,"{""railway"": ""level_crossing""}"
63222396,41.3268189,-84.0329651,"{""railway"": ""level_crossing""}"
63222439,41.3417233,-84.0328911,"{""railway"": ""level_crossing""}"
63222459,41.356262,-84.0329274,"{""railway"": ""level_crossing""}"
63222495,41.3853041,-84.0328918,"{""railway"": ""level_crossing""}"
63222501,41.3926122,-84.0328993,"{""railway"": ""level_crossing""}"
63222548,41.428434,-84.0329058,"{""railway"": ""level_crossing""}"
63222782,41.4868211,-84.0328881,"{""railway"": ""level_crossing""}"
63224116,41.2456905,-84.1134813,"{""railway"": ""level_crossing""}"
63241643,40.9171967,-84.0593815,"{""railway"": ""level_crossing""}"
63276036,41.0985852,-84.265997,"{""railway"": ""level_crossing""}"
63287002,41.0981621,-84.246692,"{""railway"": ""level_crossing""}"
63308270,40.9183427,-84.0592336,"{""railway"": ""level_crossing""}"
63308286,40.914143,-84.06009,"{""railway"": ""level_crossing""}"
63308798,41.065149,-84.008943,"{""railway"": ""level_crossing""}"
63308990,41.0265338,-84.0442089,"{""railway"": ""level_crossing""}"
63309020,41.0215175,-84.0474167,"{""railway"": ""level_crossing""}"
63309030,41.0191621,-84.0476873,"{""railway"": ""level_crossing""}"
63309035,41.0180503,-84.0478112,"{""railway"": ""level_crossing""}"
63309828,41.13073,-84.005617,"{""railway"": ""level_crossing""}"
63313556,40.9202094,-84.0590244,"{""railway"": ""level_crossing""}"
63318526,41.0507801,-84.0198195,"{""railway"": ""level_crossing""}"
63319483,41.0981161,-84.246692,"{""railway"": ""level_crossing""}"
63321746,41.146411,-84.015908,"{""railway"": ""level_crossing""}"
63322796,41.096843,-84.2851137,"{""railway"": ""level_crossing""}"
63323677,41.0974653,-84.265962,"{""railway"": ""level_crossing""}"
63323865,41.1016054,-84.131328,"{""railway"": ""level_crossing""}"
63323866,41.1016365,-84.131329,"{""railway"": ""level_crossing""}"
63324479,41.0955208,-84.3234671,"{""railway"": ""level_crossing""}"
63326479,41.0288457,-84.0407787,"{""railway"": ""level_crossing""}"
63327856,41.152345,-84.019819,"{""railway"": ""level_crossing""}"
63331214,41.1234979,-84.0008634,"{""railway"": ""level_crossing""}"
63331398,41.0398373,-84.0280829,"{""railway"": ""level_crossing""}"
63334224,41.16693,-84.029202,"{""railway"": ""level_crossing""}"
63334250,41.15955,-84.024549,"{""railway"": ""level_crossing""}"
63334295,41.131643,-84.006214,"{""railway"": ""level_crossing""}"
63334615,41.028871,-84.034525,"{""railway"": ""level_crossing""}"
63334622,41.0215733,-84.0345019,"{""railway"": ""level_crossing""}"
63334623,41.0203752,-84.0344948,"{""railway"": ""level_crossing""}"
63334627,41.0192673,-84.0344878,"{""railway"": ""level_crossing""}"
63334630,41.0181644,-84.0345689,"{""railway"": ""level_crossing""}"
63334681,41.0082081,-84.0344445,"{""railway"": ""level_crossing""}"
63341314,40.9924209,-84.0504753,"{""railway"": ""level_crossing""}"
63343280,40.9629658,-84.0541371,"{""railway"": ""level_crossing""}"
63352621,41.0006616,-84.0431097,"{""railway"": ""level_crossing""}"
63356096,41.1034783,-84.0452033,"{""railway"": ""level_crossing""}"
63357350,40.9702411,-84.0533221,"{""railway"": ""level_crossing""}"
63359108,41.097364,-84.270866,"{""railway"": ""level_crossing""}"
63367748,41.0623225,-84.0110778,"{""railway"": ""level_crossing""}"
63367867,41.1042822,-84.0079877,"{""railway"": ""level_crossing""}"
63370096,41.1028707,-84.0731784,"{""railway"": ""level_crossing""}"
63371208,41.1024544,-84.0924032,"{""railway"": ""level_crossing""}"
63372065,41.1020166,-84.1120223,"{""railway"": ""level_crossing""}"
63378241,41.0973267,-84.2708649,"{""railway"": ""level_crossing""}"
63378274,40.9996859,-84.0443395,"{""railway"": ""level_crossing""}"
63379227,41.020289,-84.0475612,"{""railway"": ""level_crossing""}"
63382321,41.097556,-84.264375,"{""railway"": ""level_crossing""}"
63382348,41.097502,-84.2659622,"{""railway"": ""level_crossing""}"
63382445,41.096191,-84.304178,"{""railway"": ""level_crossing""}"
63382493,41.0948751,-84.341917,"{""railway"": ""level_crossing""}"
63382652,41.1037164,-84.0342786,"{""railway"": ""level_crossing""}"
63382807,41.100913,-84.160197,"{""railway"": ""level_crossing""}"
63382839,41.10039,-84.17947,"{""railway"": ""level_crossing""}"
63382843,41.09952,-84.205821,"{""railway"": ""level_crossing""}"
63382877,41.0987991,-84.2275103,"{""railway"": ""level_crossing""}"
63382932,41.0975173,-84.264376,"{""railway"": ""level_crossing""}"
104496433,42.0082951,-87.9249329,"{""railway"": ""level_crossing""}"
162649560,39.1093493,-84.4484323,"{""railway"": ""level_crossing""}"
162673196,39.0695528,-84.4378398,"{""railway"": ""level_crossing""}"
162716313,39.025839,-84.342861,"{""railway"": ""level_crossing""}"
162716365,39.02365,-84.338982,"{""railway"": ""level_crossing""}"
162716471,39.0101271,-84.3206114,"{""railway"": ""level_crossing""}"
162716555,39.00084,-84.313957,"{""railway"": ""level_crossing""}"
162718688,39.0656768,-84.4918481,"{""railway"": ""level_crossing""}"
162719357,39.013882,-84.324788,"{""railway"": ""level_crossing""}"
162719393,39.0101079,-84.3206463,"{""railway"": ""level_crossing""}"
162719493,39.000811,-84.313991,"{""railway"": ""level_crossing""}"
162721915,39.1134298,-84.4653137,"{""railway"": ""level_crossing""}"
162721996,39.111576,-84.471254,"{""railway"": ""level_crossing""}"
162722075,39.1091354,-84.4753441,"{""railway"": ""level_crossing""}"
162722093,39.1081971,-84.476505,"{""railway"": ""level_crossing""}"
162722102,39.10775,-84.476916,"{""railway"": ""level_crossing""}"
162722106,39.1075551,-84.4770929,"{""railway"": ""level_crossing""}"
162883928,39.07043,-84.491387,"{""railway"": ""level_crossing""}"
162907971,39.0201661,-84.3333938,"{""railway"": ""level_crossing""}"
162907976,39.0201952,-84.3333348,"{""railway"": ""level_crossing""}"
165202076,39.032131,-84.4925,"{""railway"": ""level_crossing""}"
165202079,39.0321401,-84.4925927,"{""railway"": ""level_crossing""}"
165202083,39.0321408,-84.4926128,"{""railway"": ""level_crossing""}"
165202085,39.032143,-84.4926629,"{""railway"": ""level_crossing""}"
165218898,39.002476,-84.47031,"{""railway"": ""level_crossing""}"
165219345,39.00341,-84.541531,"{""railway"": ""level_crossing""}"
165266090,39.001535,-84.471134,"{""railway"": ""level_crossing""}"
165304799,39.0494163,-84.5031817,"{""railway"": ""level_crossing""}"
165305778,39.016185,-84.599693,"{""crossing:barrier"": ""full"", ""railway"": ""level_crossing""}"
165306744,39.0531741,-84.568728,"{""railway"": ""level_crossing""}"
165307073,39.01616,-84.599659,"{""crossing:barrier"": ""full"", ""railway"": ""level_crossing""}"
165307547,39.053127,-84.5686947,"{""railway"": ""level_crossing""}"
165348848,39.0395015,-84.4951183,"{""railway"": ""level_crossing""}"
165348856,39.047487,-84.497962,"{""railway"": ""level_crossing""}"
165348858,39.0482919,-84.4982497,"{""railway"": ""level_crossing""}"
165351525,39.007809,-84.479247,"{""railway"": ""level_crossing""}"
165351619,39.0496705,-84.5005242,"{""railway"": ""level_crossing""}"
165352235,39.0482843,-84.4982888,"{""railway"": ""level_crossing""}"
165352305,39.006171,-84.47742,"{""railway"": ""level_crossing""}"
165352472,39.0482833,-84.4982958,"{""railway"": ""level_crossing""}"
165352475,39.047495,-84.498014,"{""railway"": ""level_crossing""}"
165352484,39.0394942,-84.4951752,"{""railway"": ""level_crossing""}"
165352853,39.030325,-84.491856,"{""railway"": ""level_crossing""}"
165352943,39.030123,-84.492015,"{""railway"": ""level_crossing""}"
178783123,40.8251453,-84.928071,"{""railway"": ""level_crossing""}"
178783124,40.8251633,-84.9280709,"{""railway"": ""level_crossing""}"
178786567,40.8255876,-84.9376263,"{""crossing:barrier"": ""half"", ""railway"": ""level_crossing""}"
178797721,40.8870459,-84.9572306,"{""railway"": ""level_crossing""}"
178800265,40.8904519,-84.9591312,"{""railway"": ""level_crossing""}"
178800597,40.9049445,-84.9672396,"{""railway"": ""level_crossing""}"
178802474,40.8759544,-84.9510296,"{""railway"": ""level_crossing""}"
178804652,40.8430742,-84.9339031,"{""railway"": ""level_crossing""}"
178806491,40.8398112,-84.9329725,"{""railway"": ""level_crossing""}"
178806492,40.8398095,-84.9330699,"{""railway"": ""level_crossing""}"
178806964,40.8278554,-84.9300125,"{""railway"": ""level_crossing""}"
178806966,40.8304033,-84.9306672,"{""railway"": ""level_crossing""}"
178806967,40.8325525,-84.9312143,"{""railway"": ""level_crossing""}"
178806968,40.8361749,-84.9321424,"{""railway"": ""level_crossing""}"
178806979,40.8687379,-84.9469934,"{""crossing:barrier"": ""no"", ""railway"": ""level_crossing""}"
178807332,40.8253315,-84.9324797,"{""railway"": ""level_crossing""}"
178807910,40.8254063,-84.9340076,"{""railway"": ""level_crossing""}"
178808898,41.1249531,-84.8586869,"{""railway"": ""level_crossing""}"
178808980,41.1271952,-84.8534628,"{""railway"": ""level_crossing""}"
178809783,41.0775716,-84.8073334,"{""railway"": ""level_crossing""}"
178809871,41.103484,-85.297341,"{""railway"": ""level_crossing""}"
178809915,41.2595891,-84.9460021,"{""railway"": ""level_crossing""}"
178810022,41.0688707,-85.0853195,"{""railway"": ""level_crossing""}"
178812044,41.0716444,-85.0194823,"{""railway"": ""level_crossing""}"
178812917,40.9767823,-85.0075251,"{""railway"": ""level_crossing""}"
178813257,41.0057099,-85.3030954,"{""crossing:barrier"": ""half"", ""railway"": ""level_crossing""}"
178813776,40.9624901,-84.9994991,"{""railway"": ""level_crossing""}"
178814226,40.9891682,-85.1788663,"{""railway"": ""level_crossing""}"
178814447,41.0188496,-85.1792346,"{""railway"": ""level_crossing""}"
178814850,41.1212979,-85.002189,"{""railway"": ""level_crossing""}"
178814915,41.1358741,-84.9962858,"{""railway"": ""level_crossing""}"
178815111,41.1632934,-84.9851621,"{""railway"": ""level_crossing""}"
178815200,41.0716523,-85.0167757,"{""railway"": ""level_crossing""}"
178815453,41.224245,-84.9603867,"{""railway"": ""level_crossing""}"
178815486,40.9338716,-84.9834442,"{""railway"": ""level_crossing""}"
178815596,41.0456297,-85.1865965,"{""crossing:barrier"": ""half"", ""railway"": ""level_crossing""}"
178816395,41.137581,-84.8291696,"{""railway"": ""level_crossing""}"
178816468,40.9600818,-85.1784816,"{""railway"": ""level_crossing""}"
178816709,41.0020389,-85.1790237,"{""crossing:barrier"": ""double_half"", ""railway"": ""level_crossing""}"
178818436,41.0364344,-85.2084434,"{""railway"": ""level_crossing""}"
178818708,41.0844374,-85.3223196,"{""railway"": ""level_crossing""}"
178819522,40.9949136,-84.9211463,"{""railway"": ""level_crossing""}"
178819873,40.9913223,-84.9114499,"{""railway"": ""level_crossing""}"
178820720,40.9746915,-84.8663589,"{""railway"": ""level_crossing""}"
178821010,41.1251412,-85.1659023,"{""crossing:barrier"": ""no"", ""railway"": ""level_crossing""}"
178823183,41.0958088,-85.1730322,"{""railway"": ""level_crossing""}"
178823314,41.0716627,-85.0110286,"{""railway"": ""level_crossing""}"
178823593,41.1095852,-84.8945536,"{""railway"": ""level_crossing""}"
178823942,40.9481589,-84.9914559,"{""crossing:barrier"": ""no"", ""railway"": ""level_crossing""}"
178825581,41.0941937,-84.9304842,"{""railway"": ""level_crossing""}"
178826073,41.1173755,-85.0037785,"{""railway"": ""level_crossing""}"
178827151,41.0533541,-85.0782927,"{""railway"": ""level_crossing""}"
178827175,41.1177247,-85.1736773,"{""railway"": ""level_crossing""}"
178827180,41.0833394,-85.1691814,"{""railway"": ""level_crossing""}"
178827183,41.0849202,-85.1796254,"{""crossing:barrier"": ""half"", ""crossing:bell"": ""yes"", ""crossing:light"": ""yes"", ""crossing:saltire"": ""yes"", ""maxheight"": ""3.59"", ""railway"": ""level_crossing""}"
178827185,41.0830814,-85.2020142,"{""crossing:barrier"": ""double_half"", ""crossing:light"": ""yes"", ""railway"": ""level_crossing""}"
178827191,41.0827973,-85.2364284,"{""railway"": ""level_crossing""}"
178827206,41.0842159,-85.2748937,"{""railway"": ""level_crossing""}"
178827209,41.0845847,-85.3077187,"{""railway"": ""level_crossing""}"
178827281,41.0801301,-85.2014321,"{""crossing:barrier"": ""half"", ""crossing:light"": ""yes"", ""railway"": ""level_crossing""}"
178827293,41.1027667,-85.2944036,"{""railway"": ""level_crossing""}"
178827295,41.1037758,-85.2985522,"{""railway"": ""level_crossing""}"
178827383,41.0146097,-85.02872,"{""railway"": ""level_crossing""}"
178828013,41.1294934,-84.848085,"{""railway"": ""level_crossing""}"
178828088,41.2389315,-84.954402,"{""railway"": ""level_crossing""}"
178828905,41.0022878,-84.9411886,"{""railway"": ""level_crossing""}"
178829650,41.0775342,-84.8073326,"{""railway"": ""level_crossing""}"
178829978,40.9603159,-84.9982795,"{""railway"": ""level_crossing""}"
178830636,41.0705853,-85.1167233,"{""railway"": ""level_crossing""}"
178830837,41.0118654,-85.2841482,"{""railway"": ""level_crossing""}"
178831412,41.1452336,-84.9924867,"{""crossing:barrier"": ""full"", ""railway"": ""level_crossing""}"
178831585,41.0729294,-85.030207,"{""railway"": ""level_crossing""}"
178831587,41.0720973,-85.030201,"{""railway"": ""level_crossing""}"
178832503,40.9591753,-84.8242753,"{""railway"": ""level_crossing""}"
178832853,40.9192904,-84.9752746,"{""railway"": ""level_crossing""}"
178833267,41.1266393,-84.8547554,"{""railway"": ""level_crossing""}"
178834266,41.2227966,-84.9609661,"{""railway"": ""level_crossing""}"
178836727,41.0792854,-85.1503716,"{""railway"": ""level_crossing""}"
178836753,41.078043,-85.0995564,"{""railway"": ""level_crossing"", ""source"": ""Bing""}"
178836853,41.0763869,-84.9719855,"{""railway"": ""level_crossing""}"
178836855,41.0786616,-84.9666808,"{""railway"": ""level_crossing""}"
178836857,41.0804093,-84.9626069,"{""railway"": ""level_crossing""}"
178836860,41.0864079,-84.9486402,"{""railway"": ""level_crossing""}"
178836862,41.0885806,-84.9435716,"{""railway"": ""level_crossing""}"
178836867,41.1018724,-84.9125726,"{""railway"": ""level_crossing""}"
178836869,41.1049757,-84.9053349,"{""railway"": ""level_crossing""}"
178836872,41.1131812,-84.8861991,"{""railway"": ""level_crossing""}"
178836879,41.0714558,-85.1167624,"{""railway"": ""level_crossing""}"
178836880,41.0714647,-85.1143337,"{""railway"": ""level_crossing""}"
178836882,41.0714689,-85.1129125,"{""railway"": ""level_crossing""}"
178836884,41.071478,-85.1107229,"{""railway"": ""level_crossing""}"
178836888,41.0715007,-85.1042409,"{""railway"": ""level_crossing""}"
178836900,41.0715894,-85.0779087,"{""railway"": ""level_crossing""}"
178836907,41.0733261,-85.0251445,"{""railway"": ""level_crossing""}"
178836914,41.0857874,-85.0165638,"{""railway"": ""level_crossing""}"
178836938,41.1816441,-84.9776905,"{""railway"": ""level_crossing""}"
178836940,41.1949425,-84.9723459,"{""railway"": ""level_crossing""}"
178836949,41.2106876,-84.9658956,"{""railway"": ""level_crossing""}"
178836964,41.2462161,-84.9514636,"{""railway"": ""level_crossing""}"
178836969,41.2662822,-84.9432438,"{""railway"": ""level_crossing""}"
178836970,41.2681421,-84.9425244,"{""railway"": ""level_crossing""}"
178836983,41.0338961,-85.1794226,"{""railway"": ""level_crossing""}"
178836992,41.0118981,-85.1791492,"{""railway"": ""level_crossing""}"
178837000,40.9746374,-85.1786792,"{""railway"": ""level_crossing""}"
178837007,40.9310132,-85.1781053,"{""railway"": ""level_crossing""}"
178837017,41.0008083,-85.3181878,"{""railway"": ""level_crossing""}"
178837086,41.1485674,-84.8034833,"{""railway"": ""level_crossing""}"
178837089,41.077649,-84.807335,"{""railway"": ""level_crossing""}"
178837117,41.0825917,-85.1658731,"{""railway"": ""level_crossing""}"
178837627,41.0716724,-85.0220927,"{""railway"": ""level_crossing""}"
178837668,40.9752614,-84.8679215,"{""railway"": ""level_crossing""}"
178837834,41.1132766,-85.3374089,"{""crossing:barrier"": ""half"", ""railway"": ""level_crossing""}"
178837848,40.9265159,-84.9793217,"{""railway"": ""level_crossing""}"
178837869,41.005799,-84.9506669,"{""railway"": ""level_crossing""}"
178837895,40.9513421,-84.8030907,"{""crossing:barrier"": ""no"", ""railway"": ""level_crossing""}"
178838001,41.0336051,-85.0393426,"{""railway"": ""level_crossing""}"
178839199,40.9932592,-84.9166922,"{""railway"": ""level_crossing""}"
178839236,40.9455284,-85.1783129,"{""railway"": ""level_crossing""}"
178839284,40.9226628,-84.9771632,"{""railway"": ""level_crossing""}"
178840268,41.04377,-85.1896557,"{""crossing:barrier"": ""half"", ""railway"": ""level_crossing""}"
178840334,41.1270018,-84.8533804,"{""railway"": ""level_crossing""}"
178840355,41.0722082,-85.045921,"{""railway"": ""level_crossing""}"
178842331,39.1304612,-85.9052058,"{""railway"": ""level_crossing""}"
178843297,39.2006908,-85.9257681,"{""railway"": ""level_crossing""}"
178843300,39.1991679,-85.9240201,"{""railway"": ""level_crossing""}"
178843301,39.1989625,-85.9236183,"{""railway"": ""level_crossing""}"
178843328,39.1909106,-85.9006829,"{""railway"": ""level_crossing""}"
178844708,39.0695504,-85.8861664,"{""railway"": ""level_crossing""}"
178845396,39.0918813,-85.8867383,"{""railway"": ""level_crossing""}"
178845843,39.1208971,-85.8984588,"{""railway"": ""level_crossing""}"
178847098,39.0622482,-85.8878134,"{""railway"": ""level_crossing""}"
178847878,39.0605407,-85.8881951,"{""railway"": ""level_crossing""}"
178847982,39.2298722,-85.9349179,"{""railway"": ""level_crossing""}"
178847984,39.2249528,-85.9337457,"{""railway"": ""level_crossing""}"
178847986,39.2225348,-85.9329636,"{""railway"": ""level_crossing""}"
178847995,39.2083022,-85.9253415,"{""railway"": ""level_crossing""}"
178847997,39.2068515,-85.9252896,"{""railway"": ""level_crossing""}"
178848021,39.163138,-85.9268683,"{""railway"": ""level_crossing""}"
178848023,39.1592707,-85.9253823,"{""railway"": ""level_crossing""}"
178848024,39.1581107,-85.9246845,"{""railway"": ""level_crossing""}"
178848027,39.1545824,-85.9222038,"{""railway"": ""level_crossing""}"
178848035,39.141875,-85.913243,"{""railway"": ""level_crossing""}"
178848057,39.1064662,-85.8888894,"{""railway"": ""level_crossing""}"
178848073,39.0567716,-85.889045,"{""railway"": ""level_crossing""}"
178849117,39.3399069,-85.9611334,"{""railway"": ""level_crossing""}"
178849119,39.3326236,-85.9593835,"{""railway"": ""level_crossing""}"
178849123,39.3179654,-85.9558701,"{""railway"": ""level_crossing""}"
178849128,39.3106236,-85.954108,"{""railway"": ""level_crossing""}"
178849135,39.2975904,-85.9510092,"{""railway"": ""level_crossing""}"
178849136,39.2958767,-85.9506006,"{""railway"": ""level_crossing""}"
178849143,39.2811192,-85.94709,"{""railway"": ""level_crossing""}"
178849146,39.2737259,-85.9453256,"{""railway"": ""level_crossing""}"
178849148,39.2664028,-85.9435795,"{""railway"": ""level_crossing""}"
178849153,39.259051,-85.941828,"{""railway"": ""level_crossing""}"
178849155,39.2532293,-85.9404528,"{""railway"": ""level_crossing""}"
178849159,39.249042,-85.9394529,"{""railway"": ""level_crossing""}"
178849164,39.2444067,-85.9383636,"{""railway"": ""level_crossing""}"
178849432,39.3470613,-85.962861,"{""railway"": ""level_crossing""}"
178849503,39.1870647,-85.8945478,"{""railway"": ""level_crossing""}"
178849670,39.1929228,-85.9038952,"{""railway"": ""level_crossing""}"
178849677,39.3032734,-85.9523688,"{""railway"": ""level_crossing""}"
178849860,39.1949169,-85.9070842,"{""railway"": ""level_crossing""}"
178853445,39.2033362,-85.925227,"{""railway"": ""level_crossing""}"
178853511,39.1861119,-85.9323407,"{""railway"": ""level_crossing""}"
178853550,39.1137162,-85.8933957,"{""railway"": ""level_crossing""}"
178853680,39.0769263,-85.884657,"{""railway"": ""level_crossing""}"
178853971,39.1767799,-85.9310125,"{""railway"": ""level_crossing""}"
178854253,39.1715818,-85.9300131,"{""railway"": ""level_crossing""}"
178854851,39.135754,-85.9089351,"{""railway"": ""level_crossing""}"
178857383,39.1838292,-85.889398,"{""railway"": ""level_crossing""}"
178857403,39.149967,-85.9189512,"{""railway"": ""level_crossing""}"
178857875,39.0845903,-85.8856735,"{""railway"": ""level_crossing""}"
178857890,39.1428821,-85.9139565,"{""railway"": ""level_crossing""}"
178858485,40.5182634,-87.3030399,"{""railway"": ""level_crossing""}"
178858501,40.6035296,-87.3045891,"{""railway"": ""level_crossing""}"
178858601,40.5184429,-87.3852468,"{""railway"": ""level_crossing""}"
178858618,40.7294096,-87.4914984,"{""railway"": ""level_crossing""}"
178858704,40.4903455,-87.1048684,"{""railway"": ""level_crossing""}"
178859004,40.499511,-87.4769904,"{""railway"": ""level_crossing""}"
178859167,40.6791208,-87.4113122,"{""railway"": ""level_crossing""}"
178859434,40.5180437,-87.2838656,"{""railway"": ""level_crossing""}"
178859493,40.5190746,-87.3757385,"{""railway"": ""level_crossing""}"
178859625,40.6305103,-87.3426547,"{""railway"": ""level_crossing""}"
178859664,40.4884678,-87.0961978,"{""railway"": ""level_crossing""}"
178859722,40.5177089,-87.2548333,"{""railway"": ""level_crossing""}"
178859816,40.6442043,-87.3619575,"{""railway"": ""level_crossing""}"
178859965,40.5186976,-87.3416365,"{""railway"": ""level_crossing""}"
178859989,40.708111,-87.449017,"{""railway"": ""level_crossing""}"
178860006,40.5059448,-87.1788173,"{""railway"": ""level_crossing""}"
178860150,40.4889654,-87.0985398,"{""railway"": ""level_crossing""}"
178860168,40.6715283,-87.4005665,"{""railway"": ""level_crossing""}"
178860330,40.5119978,-87.2075791,"{""railway"": ""level_crossing""}"
178860331,40.5123973,-87.2075709,"{""railway"": ""level_crossing""}"
178860867,40.5122608,-87.2088441,"{""railway"": ""level_crossing""}"
178860982,40.540962,-87.2273705,"{""railway"": ""level_crossing""}"
178861046,40.4768134,-87.4741968,"{""railway"": ""level_crossing""}"
178861090,40.7226319,-87.4799908,"{""railway"": ""level_crossing""}"
178861198,40.5176468,-87.2490279,"{""railway"": ""level_crossing""}"
178861434,40.5160485,-87.3969238,"{""railway"": ""level_crossing""}"
178861548,40.6850661,-87.4197195,"{""railway"": ""level_crossing""}"
178861656,40.7210227,-87.4772984,"{""railway"": ""level_crossing""}"
178861669,40.4917236,-87.5144298,"{""railway"": ""level_crossing""}"
178861731,40.6501464,-87.370352,"{""railway"": ""level_crossing""}"
178861806,40.4999258,-87.1502851,"{""railway"": ""level_crossing""}"
178861908,40.4903409,-87.1050281,"{""railway"": ""level_crossing""}"
178861978,40.4966413,-87.490742,"{""railway"": ""level_crossing""}"
178862053,40.4882148,-87.0950008,"{""railway"": ""level_crossing""}"
178862059,40.6863255,-87.4215225,"{""railway"": ""level_crossing""}"
178862080,40.4940063,-87.1223944,"{""railway"": ""level_crossing""}"
178862172,40.7080852,-87.4553688,"{""railway"": ""level_crossing""}"
178862174,40.7097014,-87.4581133,"{""railway"": ""level_crossing""}"
178862185,40.6223922,-87.3311914,"{""railway"": ""level_crossing""}"
178862201,40.5901416,-87.2857176,"{""railway"": ""level_crossing""}"
178862203,40.5843631,-87.2775722,"{""railway"": ""level_crossing""}"
178862253,40.6499064,-87.4538587,"{""railway"": ""level_crossing""}"
178862256,40.6790376,-87.4504334,"{""railway"": ""level_crossing""}"
178862258,40.6936041,-87.4487644,"{""railway"": ""level_crossing""}"
178862277,40.6830799,-87.4169162,"{""railway"": ""level_crossing""}"
178862284,40.6984393,-87.4390488,"{""railway"": ""level_crossing""}"
178862356,40.5190892,-87.2134264,"{""railway"": ""level_crossing""}"
178862407,40.5176548,-87.250149,"{""railway"": ""level_crossing""}"
178862419,40.5184717,-87.3214139,"{""railway"": ""level_crossing""}"
178862457,40.5186651,-87.3841584,"{""railway"": ""level_crossing""}"
178862458,40.5188507,-87.3830389,"{""railway"": ""level_crossing""}"
178862460,40.518978,-87.3819061,"{""railway"": ""level_crossing""}"
178862461,40.519059,-87.3808036,"{""railway"": ""level_crossing""}"
178862462,40.5190983,-87.3796713,"{""railway"": ""level_crossing""}"
178862464,40.5190911,-87.3783588,"{""railway"": ""level_crossing""}"
178862472,40.5188869,-87.3597269,"{""railway"": ""level_crossing""}"
178862487,40.5176466,-87.2465397,"{""railway"": ""level_crossing""}"
178862488,40.5176458,-87.2452842,"{""railway"": ""level_crossing""}"
178862507,40.512125,-87.4159396,"{""railway"": ""level_crossing""}"
178862510,40.5062898,-87.4442037,"{""railway"": ""level_crossing""}"
178862521,40.4952688,-87.4973772,"{""railway"": ""level_crossing""}"
178862532,40.4909773,-87.5180328,"{""railway"": ""level_crossing""}"
178862594,40.728752,-87.490401,"{""railway"": ""level_crossing""}"
178862680,40.5042317,-87.4541547,"{""railway"": ""level_crossing""}"
178862709,40.6215872,-87.4571911,"{""railway"": ""level_crossing""}"
178863135,40.5568575,-85.2794807,"{""railway"": ""level_crossing""}"
178863614,40.5507336,-85.2885118,"{""railway"": ""level_crossing""}"
178867487,40.385799,-85.358844,"{""railway"": ""level_crossing""}"
178867488,40.3923682,-85.3590047,"{""railway"": ""level_crossing""}"
178867490,40.4068627,-85.3593586,"{""railway"": ""level_crossing""}"
178867493,40.4213526,-85.3597131,"{""railway"": ""level_crossing""}"
178867496,40.4358224,-85.3600864,"{""railway"": ""level_crossing""}"
178868784,40.5537827,-85.2811665,"{""railway"": ""level_crossing""}"
178868785,40.5525415,-85.2818528,"{""railway"": ""level_crossing""}"
178870448,40.5558308,-85.280039,"{""railway"": ""level_crossing""}"
178870720,40.4722022,-85.4314113,"{""railway"": ""level_crossing""}"
178871196,40.5548022,-85.2806041,"{""railway"": ""level_crossing""}"
178871317,40.4651505,-85.4123051,"{""railway"": ""level_crossing""}"
178871567,40.4579644,-85.3929171,"{""railway"": ""level_crossing""}"
178871571,40.4634563,-85.407723,"{""railway"": ""level_crossing""}"
178871574,40.4669603,-85.41717,"{""railway"": ""level_crossing""}"
178872845,40.4502551,-85.3589712,"{""railway"": ""level_crossing""}"
178874976,40.4452054,-85.360289,"{""railway"": ""level_crossing""}"
178875157,40.4533483,-85.3569574,"{""railway"": ""level_crossing""}"
178875165,40.479138,-85.3372934,"{""railway"": ""level_crossing""}"
178875166,40.4861409,-85.3319499,"{""railway"": ""level_crossing""}"
178875168,40.4935475,-85.3262717,"{""railway"": ""level_crossing""}"
178875171,40.5072561,-85.315808,"{""railway"": ""level_crossing""}"
178875172,40.5080169,-85.315226,"{""railway"": ""level_crossing""}"
178875173,40.522951,-85.303842,"{""railway"": ""level_crossing""}"
178875176,40.5378583,-85.2924226,"{""railway"": ""level_crossing""}"
178877450,39.9244164,-86.6225022,"{""railway"": ""level_crossing""}"
178878343,39.9275064,-86.6290447,"{""railway"": ""level_crossing""}"
178879229,39.9958739,-86.4621822,"{""railway"": ""level_crossing""}"
178879945,39.9887075,-86.4569362,"{""railway"": ""level_crossing""}"
178880545,40.1701317,-86.5045625,"{""railway"": ""level_crossing""}"
178880550,40.155518,-86.5012203,"{""railway"": ""level_crossing""}"
178880579,40.075652,-86.482962,"{""railway"": ""level_crossing""}"
178880584,40.0829476,-86.4846047,"{""railway"": ""level_crossing""}"
178880586,40.0938841,-86.4870921,"{""railway"": ""level_crossing""}"
178880594,40.1047667,-86.4895931,"{""railway"": ""level_crossing""}"
178880604,40.1350966,-86.496547,"{""railway"": ""level_crossing""}"
178880608,40.1445307,-86.4986961,"{""railway"": ""level_crossing""}"
178881732,40.177355,-86.5062291,"{""railway"": ""level_crossing""}"
178881808,39.9814214,-86.4515865,"{""railway"": ""level_crossing""}"
178883931,39.9309663,-86.4146348,"{""railway"": ""level_crossing""}"
178883953,39.9536563,-86.6907166,"{""railway"": ""level_crossing""}"
178883955,39.9522959,-86.6868415,"{""railway"": ""level_crossing""}"
178883959,39.9431855,-86.6622489,"{""railway"": ""level_crossing""}"
178883963,39.9341785,-86.6432908,"{""railway"": ""level_crossing""}"
178883970,39.9267607,-86.6274555,"{""railway"": ""level_crossing""}"
178883971,39.9263321,-86.6265574,"{""crossing:barrier"": ""half"", ""crossing:light"": ""yes"", ""railway"": ""level_crossing""}"
178884043,39.9805364,-86.4509446,"{""railway"": ""level_crossing""}"
178884046,39.9741676,-86.4462614,"{""railway"": ""level_crossing""}"
178884047,39.9669294,-86.4409556,"{""railway"": ""level_crossing""}"
178885334,39.9596926,-86.4356575,"{""railway"": ""level_crossing""}"
178886719,39.9453929,-86.4251915,"{""railway"": ""level_crossing""}"
178886961,39.927445,-86.4120406,"{""railway"": ""level_crossing""}"
178887133,40.0275428,-86.4800267,"{""railway"": ""level_crossing""}"
178887238,40.0224969,-86.4799486,"{""railway"": ""level_crossing""}"
178893775,39.3039158,-86.2464953,"{""railway"": ""level_crossing""}"
178900662,39.290995,-86.2572123,"{""railway"": ""level_crossing""}"
178901440,39.3226765,-86.2465194,"{""railway"": ""level_crossing""}"
178901447,39.3109028,-86.2430152,"{""railway"": ""level_crossing""}"
178901459,39.278778,-86.2741717,"{""railway"": ""level_crossing""}"
178901466,39.2679107,-86.2828164,"{""railway"": ""level_crossing""}"
178901472,39.2648763,-86.2928021,"{""railway"": ""level_crossing""}"
178901475,39.2646603,-86.3010723,"{""railway"": ""level_crossing""}"
178901483,39.2681915,-86.3305406,"{""railway"": ""level_crossing""}"
178901485,39.2656577,-86.3370714,"{""railway"": ""level_crossing""}"
178901489,39.2629511,-86.3410544,"{""railway"": ""level_crossing""}"
178901494,39.2512464,-86.3573107,"{""railway"": ""level_crossing""}"
178901496,39.2508891,-86.3584265,"{""railway"": ""level_crossing""}"
178901507,39.2498396,-86.3648559,"{""railway"": ""level_crossing""}"
178901508,39.2492337,-86.3686646,"{""railway"": ""level_crossing""}"
178911992,40.5587009,-86.6943762,"{""railway"": ""level_crossing""}"
178917924,40.6185659,-86.6181912,"{""railway"": ""level_crossing""}"
178921143,40.6202574,-86.6149681,"{""railway"": ""level_crossing""}"
178921199,40.5879772,-86.676562,"{""railway"": ""level_crossing""}"
178921490,40.5616378,-86.5247557,"{""railway"": ""level_crossing""}"
178921707,40.6385473,-86.5155275,"{""railway"": ""level_crossing""}"
178922757,40.5486131,-86.5248702,"{""railway"": ""level_crossing""}"
178922931,40.6414771,-86.5127909,"{""railway"": ""level_crossing""}"
178924578,40.5253458,-86.5250538,"{""railway"": ""level_crossing""}"
178924592,40.5480805,-86.5248826,"{""railway"": ""level_crossing""}"
178924613,40.5900389,-86.6725014,"{""railway"": ""level_crossing""}"
178925498,40.6086102,-86.5328069,"{""railway"": ""level_crossing""}"
178925607,40.5723551,-86.5251043,"{""railway"": ""level_crossing""}"
178926277,40.5890108,-86.6744598,"{""railway"": ""level_crossing""}"
178926592,40.5884994,-86.6754972,"{""railway"": ""level_crossing""}"
178926660,40.5471046,-86.5248859,"{""railway"": ""level_crossing""}"
178927216,40.5108414,-86.5251851,"{""railway"": ""level_crossing""}"
178927221,40.526214,-86.5250542,"{""railway"": ""level_crossing""}"
178927228,40.542275,-86.5249207,"{""railway"": ""level_crossing""}"
178927229,40.543078,-86.5249167,"{""railway"": ""level_crossing""}"
178927238,40.5514166,-86.5248421,"{""railway"": ""level_crossing""}"
178927249,40.576156,-86.5268565,"{""railway"": ""level_crossing""}"
178927254,40.590625,-86.531346,"{""railway"": ""level_crossing""}"
178927271,40.6267799,-86.5265493,"{""railway"": ""level_crossing""}"
178927277,40.6485092,-86.5062087,"{""railway"": ""level_crossing""}"
178927682,40.6152164,-86.6245747,"{""railway"": ""level_crossing""}"
178929561,40.5895308,-86.6734662,"{""railway"": ""level_crossing""}"
178931081,40.5878139,-86.676467,"{""railway"": ""level_crossing""}"
178931085,40.5869834,-86.6773095,"{""railway"": ""level_crossing""}"
178931087,40.5856335,-86.6780911,"{""railway"": ""level_crossing""}"
178931090,40.58449,-86.6783364,"{""railway"": ""level_crossing""}"
178931100,40.558653,-86.6940411,"{""railway"": ""level_crossing""}"
178931123,40.6089292,-86.6365516,"{""railway"": ""level_crossing""}"
178932253,40.7511658,-86.3793615,"{""railway"": ""level_crossing""}"
178934669,40.7558099,-86.4043093,"{""railway"": ""level_crossing""}"
178936239,40.6240355,-86.2165249,"{""railway"": ""level_crossing""}"
178937152,40.7395957,-86.3940726,"{""railway"": ""level_crossing""}"
178944650,40.7160105,-86.4388867,"{""railway"": ""level_crossing""}"
178956416,40.7635702,-86.5721039,"{""railway"": ""level_crossing""}"
178957181,40.6928676,-86.2625926,"{""railway"": ""level_crossing""}"
178957380,40.660928,-86.2412044,"{""railway"": ""level_crossing""}"
178957543,40.5697792,-86.1802826,"{""railway"": ""level_crossing""}"
178957978,40.6132005,-86.2092825,"{""railway"": ""level_crossing""}"
178958635,40.7328075,-86.3127611,"{""railway"": ""level_crossing""}"
178958642,40.7310631,-86.2984198,"{""railway"": ""level_crossing""}"
178958723,40.7301106,-86.4249203,"{""railway"": ""level_crossing""}"
178958736,40.736048,-86.405676,"{""railway"": ""level_crossing""}"
178958749,40.7456765,-86.3870182,"{""railway"": ""level_crossing""}"
178958753,40.7474495,-86.3870276,"{""railway"": ""level_crossing""}"
178958790,40.7642951,-86.4871685,"{""railway"": ""level_crossing""}"
178958875,40.7220786,-86.2821624,"{""railway"": ""level_crossing""}"
178958882,40.7074797,-86.272377,"{""railway"": ""level_crossing""}"
178958886,40.6879404,-86.259286,"{""railway"": ""level_crossing""}"
178958888,40.6783265,-86.2528518,"{""railway"": ""level_crossing""}"
178959755,40.7609206,-86.459553,"{""railway"": ""level_crossing""}"
178961068,40.6637808,-86.2431149,"{""railway"": ""level_crossing""}"
178961521,40.6492681,-86.2334026,"{""railway"": ""level_crossing""}"
178963180,40.7641464,-86.5240605,"{""railway"": ""level_crossing""}"
178963181,40.7641575,-86.526506,"{""railway"": ""level_crossing""}"
178963184,40.7642558,-86.5481443,"{""railway"": ""level_crossing""}"
178963188,40.7642698,-86.5625287,"{""railway"": ""level_crossing""}"
178963654,40.6625838,-86.2423139,"{""railway"": ""level_crossing""}"
178964280,40.6599375,-86.240543,"{""railway"": ""level_crossing""}"
178964379,40.7665844,-86.2263857,"{""railway"": ""level_crossing""}"
178965596,40.562549,-86.175461,"{""railway"": ""level_crossing""}"
178965661,40.7517895,-86.3634166,"{""railway"": ""level_crossing""}"
178965664,40.7514033,-86.3666114,"{""railway"": ""level_crossing""}"
178965672,40.7505714,-86.3744998,"{""railway"": ""level_crossing""}"
178965678,40.5770333,-86.1851186,"{""railway"": ""level_crossing""}"
178965679,40.5779439,-86.1857284,"{""railway"": ""level_crossing""}"
178965681,40.5788828,-86.1863395,"{""railway"": ""level_crossing""}"
178965683,40.5797983,-86.1869439,"{""railway"": ""level_crossing""}"
178965687,40.5867462,-86.191585,"{""railway"": ""level_crossing""}"
178965688,40.5898096,-86.1936288,"{""railway"": ""level_crossing""}"
178965689,40.5987247,-86.1996262,"{""railway"": ""level_crossing""}"
178965691,40.6059745,-86.2044539,"{""railway"": ""level_crossing""}"
178965693,40.6151444,-86.2105819,"{""railway"": ""level_crossing""}"
178965694,40.6204039,-86.2140978,"{""railway"": ""level_crossing""}"
178965696,40.634785,-86.2237143,"{""railway"": ""level_crossing""}"
178965749,40.6586015,-86.2396471,"{""railway"": ""level_crossing""}"
178965752,40.6617717,-86.2417686,"{""railway"": ""level_crossing""}"
178965761,40.6710607,-86.2479884,"{""railway"": ""level_crossing""}"
178966840,40.7646322,-86.1976468,"{""railway"": ""level_crossing""}"
178967989,40.7398417,-86.3464869,"{""railway"": ""level_crossing""}"
178968011,40.7463924,-86.3446976,"{""railway"": ""level_crossing""}"
178975916,40.7514587,-86.3000463,"{""railway"": ""level_crossing""}"
178976800,40.759341,-86.1685112,"{""railway"": ""level_crossing""}"
178976804,40.7637527,-86.1927914,"{""railway"": ""level_crossing""}"
178976831,40.7603324,-86.2616822,"{""railway"": ""level_crossing""}"
178976841,40.7568036,-86.2809271,"{""railway"": ""level_crossing""}"
178976866,40.7603721,-86.2616824,"{""railway"": ""level_crossing""}"
178976969,40.7568437,-86.280927,"{""railway"": ""level_crossing""}"
179053867,40.2869742,-86.3375365,"{""railway"": ""level_crossing""}"
179054135,40.3295549,-86.6371093,"{""railway"": ""level_crossing""}"
179054236,40.3007059,-86.4633117,"{""railway"": ""level_crossing""}"
179054435,40.304218,-86.4545532,"{""railway"": ""level_crossing""}"
179054986,40.2936138,-86.4809571,"{""railway"": ""level_crossing""}"
179055263,40.3314629,-86.3916145,"{""railway"": ""level_crossing""}"
179056392,40.3400816,-86.665151,"{""railway"": ""level_crossing""}"
179057059,40.2872926,-86.3001596,"{""railway"": ""level_crossing""}"
179057061,40.2873273,-86.3001609,"{""railway"": ""level_crossing""}"
179058081,40.3603603,-86.3510929,"{""railway"": ""level_crossing""}"
179058441,40.3055254,-86.58991,"{""railway"": ""level_crossing""}"
179058634,40.3739296,-86.3325045,"{""railway"": ""level_crossing""}"
179059187,40.3883712,-86.3126814,"{""railway"": ""level_crossing""}"
179059944,40.2863976,-86.4367076,"{""railway"": ""level_crossing""}"
179060266,40.3483368,-86.3675151,"{""railway"": ""level_crossing""}"
179060332,40.286113,-86.4872098,"{""railway"": ""level_crossing""}"
179060340,40.2910955,-86.4872362,"{""railway"": ""level_crossing""}"
179060622,40.2910914,-86.5622279,"{""railway"": ""level_crossing""}"
179061082,40.2878225,-86.2617579,"{""railway"": ""level_crossing""}"
179061421,40.2884693,-86.4938162,"{""railway"": ""level_crossing""}"
179061466,40.3330151,-86.6463385,"{""railway"": ""level_crossing""}"
179061653,40.282585,-86.5132839,"{""railway"": ""level_crossing""}"
179061679,40.2876296,-86.2762298,"{""railway"": ""level_crossing""}"
179061760,40.2207195,-86.5161517,"{""railway"": ""level_crossing""}"
179061936,40.2163757,-86.5151306,"{""railway"": ""level_crossing""}"
179062138,40.2865251,-86.4132595,"{""railway"": ""level_crossing""}"
179062320,40.347171,-86.6840455,"{""railway"": ""level_crossing""}"
179062386,40.3668862,-86.3421507,"{""railway"": ""level_crossing""}"
179062467,40.3874446,-86.3139546,"{""railway"": ""level_crossing""}"
179062597,40.1918847,-86.5095639,"{""railway"": ""level_crossing""}"
179062642,40.3178195,-86.613469,"{""railway"": ""level_crossing""}"
179062681,40.3800474,-86.3244079,"{""railway"": ""level_crossing""}"
179062807,40.2979087,-86.5175373,"{""railway"": ""level_crossing""}"
179062812,40.2900804,-86.5173702,"{""railway"": ""level_crossing"", ""source"": ""Bing""}"
179062816,40.2880949,-86.5173246,"{""railway"": ""level_crossing"", ""source"": ""Bing""}"
179062818,40.2871474,-86.5173032,"{""railway"": ""level_crossing"", ""source"": ""Bing""}"
179062826,40.2844176,-86.5174133,"{""railway"": ""level_crossing"", ""source"": ""Bing""}"
179062828,40.2835036,-86.5176875,"{""railway"": ""level_crossing"", ""source"": ""Bing""}"
179062833,40.280659,-86.519684,"{""railway"": ""level_crossing"", ""source"": ""Bing""}"
179062835,40.2797102,-86.5207148,"{""railway"": ""level_crossing""}"
179062966,40.3425811,-86.3753622,"{""railway"": ""level_crossing""}"
179063209,40.2822752,-86.5433222,"{""railway"": ""level_crossing""}"
179063244,40.3232236,-86.4072346,"{""railway"": ""level_crossing""}"
179063295,40.3008307,-86.5809119,"{""railway"": ""level_crossing""}"
179063376,40.356603,-86.356237,"{""railway"": ""level_crossing""}"
179063870,40.286936,-86.3375364,"{""railway"": ""level_crossing""}"
179064079,40.2870939,-86.3183652,"{""railway"": ""level_crossing""}"
179064505,40.3228995,-86.4079354,"{""railway"": ""level_crossing""}"
179064986,40.3128729,-86.6039969,"{""railway"": ""level_crossing""}"
179065179,40.2867427,-86.375209,"{""railway"": ""level_crossing""}"
179065251,40.2718046,-86.52639,"{""railway"": ""level_crossing"", ""source"": ""Bing""}"
179065558,40.330288,-86.3938574,"{""railway"": ""level_crossing""}"
179065608,40.2827006,-86.50138,"{""railway"": ""level_crossing""}"
179065838,40.2816186,-86.5187795,"{""railway"": ""level_crossing"", ""source"": ""Bing""}"
179066435,40.2868715,-86.3517549,"{""railway"": ""level_crossing""}"
179066590,40.2866311,-86.3948097,"{""railway"": ""level_crossing""}"
179066611,40.3307588,-86.3929702,"{""railway"": ""level_crossing""}"
179066932,40.3447278,-86.6775196,"{""railway"": ""level_crossing""}"
179066941,40.3384803,-86.6608788,"{""railway"": ""level_crossing""}"
179066985,40.2863772,-86.5531814,"{""railway"": ""level_crossing""}"
179067003,40.2830722,-86.5433119,"{""railway"": ""level_crossing""}"
179067033,40.3737949,-86.332677,"{""railway"": ""level_crossing""}"
179067088,40.3098719,-86.4404075,"{""railway"": ""level_crossing""}"
179067137,40.2853948,-86.4991895,"{""railway"": ""level_crossing""}"
179067183,40.2830533,-86.5025549,"{""railway"": ""level_crossing""}"
179067185,40.2836284,-86.5013815,"{""railway"": ""level_crossing""}"
179067225,40.2835194,-86.4966331,"{""railway"": ""level_crossing""}"
179067229,40.2846691,-86.4942735,"{""railway"": ""level_crossing""}"
179067811,40.2862685,-86.4603621,"{""railway"": ""level_crossing""}"
179067824,40.3022733,-86.4594087,"{""railway"": ""level_crossing""}"
179085446,39.1932271,-87.2282895,"{""railway"": ""level_crossing""}"
179085456,39.1859624,-87.2241169,"{""railway"": ""level_crossing""}"
179085487,39.6015922,-87.0695152,"{""railway"": ""level_crossing""}"
179085496,39.5981658,-87.1068768,"{""railway"": ""level_crossing""}"
179085516,39.5930572,-87.1620506,"{""railway"": ""level_crossing""}"
179085537,39.2356273,-87.2404305,"{""railway"": ""level_crossing""}"
179085539,39.2295017,-87.2386942,"{""railway"": ""level_crossing""}"
179085543,39.2149892,-87.2345801,"{""railway"": ""level_crossing""}"
179085547,39.2004962,-87.2304661,"{""railway"": ""level_crossing""}"
179087428,39.1758431,-87.2127381,"{""railway"": ""level_crossing""}"
179087429,39.1760799,-87.2127239,"{""railway"": ""level_crossing""}"
179094141,39.2015359,-87.2307632,"{""railway"": ""level_crossing""}"
179116956,39.2763327,-84.84297,"{""railway"": ""level_crossing""}"
179126513,39.099121,-84.8620932,"{""railway"": ""level_crossing""}"
179138491,39.3096499,-85.3353298,"{""railway"": ""level_crossing""}"
179138519,39.3092533,-85.3334291,"{""railway"": ""level_crossing""}"
179139159,39.3088229,-85.3312275,"{""railway"": ""level_crossing""}"
179140804,39.333995,-85.4627636,"{""railway"": ""level_crossing""}"
179149842,39.085034,-84.860076,"{""railway"": ""level_crossing""}"
179152405,39.3230756,-85.4144612,"{""railway"": ""level_crossing""}"
179153493,39.3354183,-85.4872503,"{""railway"": ""level_crossing""}"
179157991,39.4162475,-85.6124901,"{""railway"": ""level_crossing""}"
179159079,39.3209497,-85.4050152,"{""railway"": ""level_crossing""}"
179159736,39.428535,-85.6300541,"{""railway"": ""level_crossing""}"
179159765,39.4014048,-85.591281,"{""railway"": ""level_crossing""}"
179159770,39.3921314,-85.5780309,"{""railway"": ""level_crossing""}"
179159777,39.3811906,-85.5623931,"{""railway"": ""level_crossing""}"
179159780,39.3806446,-85.5616065,"{""railway"": ""level_crossing""}"
179159797,39.3509372,-85.5192161,"{""crossing:barrier"": ""no"", ""railway"": ""level_crossing""}"
179159815,39.337515,-85.5001024,"{""railway"": ""level_crossing""}"
179159817,39.3364415,-85.4985178,"{""railway"": ""level_crossing""}"
179159838,39.3354478,-85.4841939,"{""crossing:barrier"": ""no"", ""railway"": ""level_crossing""}"
179159841,39.33546,-85.4827604,"{""railway"": ""level_crossing""}"
179159845,39.335474,-85.4803737,"{""railway"": ""level_crossing""}"
179159851,39.3355031,-85.4764544,"{""railway"": ""level_crossing""}"
179159853,39.3355119,-85.4748582,"{""railway"": ""level_crossing""}"
179159878,39.3295364,-85.4431334,"{""railway"": ""level_crossing""}"
179159901,39.3172701,-85.3858604,"{""railway"": ""level_crossing""}"
179159904,39.3172664,-85.3796973,"{""railway"": ""level_crossing""}"
179159913,39.3157685,-85.3666695,"{""railway"": ""level_crossing""}"
179159919,39.3120766,-85.347796,"{""crossing:barrier"": ""no"", ""railway"": ""level_crossing""}"
179159940,39.3078218,-85.32595,"{""railway"": ""level_crossing""}"
179159955,39.3041586,-85.3067324,"{""railway"": ""level_crossing""}"
179160869,39.3354758,-85.4813397,"{""railway"": ""level_crossing""}"
179198208,39.1364999,-84.8382486,"{""railway"": ""level_crossing""}"
179203452,39.0388752,-85.0479727,"{""railway"": ""level_crossing""}"
179204642,39.0946707,-84.8594299,"{""railway"": ""level_crossing""}"
179204751,39.2778995,-84.854687,"{""railway"": ""level_crossing""}"
179204835,39.293674,-84.879648,"{""railway"": ""level_crossing""}"
179205371,39.092737,-84.84946,"{""railway"": ""level_crossing""}"
179209306,39.0492066,-84.9724578,"{""railway"": ""level_crossing""}"
179212458,39.1379352,-84.8362644,"{""railway"": ""level_crossing""}"
179215579,39.0715907,-85.0730718,"{""railway"": ""level_crossing""}"
179220719,39.095445,-84.845966,"{""railway"": ""level_crossing""}"
179222865,39.0933935,-84.8486034,"{""railway"": ""level_crossing""}"
179224145,39.094752,-84.846865,"{""railway"": ""level_crossing""}"
179225741,39.254661,-84.822722,"{""railway"": ""level_crossing""}"
179226249,39.1676124,-84.9736221,"{""railway"": ""level_crossing""}"
179228326,39.09137,-84.851237,"{""railway"": ""level_crossing""}"
179228628,39.092055,-84.85036,"{""railway"": ""level_crossing""}"
179228754,41.416224,-84.8802813,"{""railway"": ""level_crossing""}"
179228981,41.463555,-84.8275685,"{""railway"": ""level_crossing""}"
179229223,41.4341845,-85.0992332,"{""crossing:barrier"": ""half"", ""railway"": ""level_crossing""}"
179229681,39.226281,-85.0572751,"{""railway"": ""level_crossing""}"
179230306,39.0314,-85.023816,"{""railway"": ""level_crossing""}"
179230438,41.4264082,-84.8807358,"{""railway"": ""level_crossing""}"
179231142,41.3514079,-85.0713371,"{""railway"": ""level_crossing""}"
179231549,41.3656928,-85.0645447,"{""railway"": ""level_crossing""}"
179231552,41.3646097,-85.065127,"{""railway"": ""level_crossing""}"
179231563,41.3556702,-85.0713662,"{""railway"": ""level_crossing""}"
179231564,41.3530668,-85.0735319,"{""railway"": ""level_crossing""}"
179231998,41.3508087,-85.1444873,"{""railway"": ""level_crossing""}"
179232670,39.1683278,-84.9321073,"{""railway"": ""level_crossing""}"
179232709,41.3264587,-84.9450764,"{""railway"": ""level_crossing""}"
179232732,41.3340155,-84.974076,"{""railway"": ""level_crossing""}"
179232735,41.3357354,-84.9836997,"{""railway"": ""level_crossing""}"
179232741,41.340896,-85.012438,"{""railway"": ""level_crossing""}"
179232744,41.3426047,-85.0220173,"{""railway"": ""level_crossing""}"
179232747,41.3460666,-85.0413929,"{""railway"": ""level_crossing""}"
179232753,41.3477392,-85.0507638,"{""railway"": ""level_crossing""}"
179232768,41.3520847,-85.0751564,"{""railway"": ""level_crossing""}"
179232826,41.3209355,-84.9258032,"{""railway"": ""level_crossing""}"
179232852,41.3165605,-84.9063776,"{""railway"": ""level_crossing""}"
179232865,41.3149851,-84.8868358,"{""railway"": ""level_crossing""}"
179232876,39.1843439,-84.9925022,"{""railway"": ""level_crossing""}"
179233052,39.2179492,-85.0461488,"{""railway"": ""level_crossing""}"
179233244,39.2631493,-84.8205037,"{""railway"": ""level_crossing""}"
179233251,39.262012,-84.820805,"{""railway"": ""level_crossing""}"
179233259,39.2609549,-84.8211253,"{""railway"": ""level_crossing""}"
179233322,39.2512733,-84.820086,"{""crossing:barrier"": ""no"", ""railway"": ""level_crossing""}"
179234192,39.1111268,-85.1021798,"{""railway"": ""level_crossing""}"
179234508,41.4306612,-85.0006103,"{""railway"": ""level_crossing""}"
179234555,39.0307476,-85.0382928,"{""railway"": ""level_crossing""}"
179235032,39.0618452,-84.8978152,"{""railway"": ""level_crossing""}"
179235040,39.0632173,-84.8954824,"{""railway"": ""level_crossing""}"
179235153,39.094081,-84.84773,"{""crossing:barrier"": ""no"", ""railway"": ""level_crossing""}"
179235160,39.0961043,-84.8451113,"{""crossing:barrier"": ""no"", ""railway"": ""level_crossing""}"
179237534,39.0956816,-84.8600624,"{""railway"": ""level_crossing""}"
179238447,41.4334795,-85.0791603,"{""railway"": ""level_crossing""}"
179238493,41.4313465,-85.019981,"{""railway"": ""level_crossing""}"
179238974,41.3118823,-84.8485896,"{""railway"": ""level_crossing""}"
179239543,41.3134118,-84.8673831,"{""railway"": ""level_crossing""}"
179239793,41.4336309,-84.8329113,"{""railway"": ""level_crossing""}"
179239811,41.457989,-84.833131,"{""railway"": ""level_crossing""}"
179240416,41.4731422,-84.814258,"{""railway"": ""level_crossing""}"
179242818,41.4341432,-85.0992358,"{""crossing:barrier"": ""half"", ""railway"": ""level_crossing""}"
179242827,41.4334382,-85.0791581,"{""railway"": ""level_crossing""}"
179242840,41.4328757,-85.0631324,"{""railway"": ""level_crossing""}"
179242859,41.4322035,-85.0440949,"{""railway"": ""level_crossing""}"
179242881,41.431074,-85.0123341,"{""railway"": ""level_crossing""}"
179243369,41.3414328,-84.9126544,"{""railway"": ""level_crossing""}"
179244671,41.4367951,-85.17587,"{""railway"": ""level_crossing""}"
179244784,41.4273687,-84.9097715,"{""railway"": ""level_crossing""}"
179247037,41.4384284,-84.8040262,"{""railway"": ""level_crossing""}"
179248825,41.3391611,-85.0028158,"{""railway"": ""level_crossing""}"
179249233,41.4283249,-84.9359724,"{""railway"": ""level_crossing""}"
179249236,41.4278811,-84.9238953,"{""railway"": ""level_crossing""}"
179249248,41.4266518,-84.8903071,"{""railway"": ""level_crossing""}"
179249277,41.4272708,-84.8712794,"{""railway"": ""level_crossing""}"
179249285,41.4370472,-85.1832134,"{""railway"": ""level_crossing""}"
179249304,41.4355049,-85.1381573,"{""railway"": ""level_crossing""}"
179249315,41.4294364,-84.9664048,"{""railway"": ""level_crossing""}"
179249337,41.4295244,-84.8575992,"{""railway"": ""level_crossing""}"
179249352,41.4368175,-84.8136784,"{""railway"": ""level_crossing""}"
179249923,41.4235886,-84.8711683,"{""crossing:barrier"": ""half"", ""railway"": ""level_crossing""}"
179249943,41.4074654,-84.885682,"{""railway"": ""level_crossing""}"
179249946,41.4001011,-84.8886665,"{""railway"": ""level_crossing""}"
179249953,41.3909114,-84.8924476,"{""railway"": ""level_crossing""}"
179249961,41.3853985,-84.89468,"{""railway"": ""level_crossing""}"
179249970,41.370589,-84.9007281,"{""railway"": ""level_crossing""}"
179249976,41.358327,-84.9057287,"{""railway"": ""level_crossing""}"
179249986,41.3545426,-84.9072714,"{""railway"": ""level_crossing""}"
179250002,41.3194339,-84.9216326,"{""railway"": ""level_crossing""}"
179250007,41.3121617,-84.9246031,"{""railway"": ""level_crossing""}"
179250029,41.2826833,-84.9365998,"{""railway"": ""level_crossing""}"
179250102,41.4297864,-84.8611174,"{""railway"": ""level_crossing""}"
179250108,41.4391375,-84.85179,"{""railway"": ""level_crossing""}"
179250111,41.4442155,-84.8467695,"{""railway"": ""level_crossing""}"
179250136,41.478537,-84.804262,"{""railway"": ""level_crossing""}"
179251276,41.3987706,-84.889226,"{""railway"": ""level_crossing""}"
179251385,41.4736515,-84.8133525,"{""railway"": ""level_crossing""}"
179251538,41.2973849,-84.9306192,"{""railway"": ""level_crossing""}"
179252659,40.22205,-85.323836,"{""railway"": ""level_crossing""}"
179253114,40.2043715,-85.3788508,"{""railway"": ""level_crossing""}"
179253752,40.320501,-85.359391,"{""railway"": ""level_crossing""}"
179254033,40.161895,-85.399365,"{""railway"": ""level_crossing""}"
179254068,40.161774,-85.39936,"{""railway"": ""level_crossing""}"
179254084,40.161831,-85.399363,"{""railway"": ""level_crossing""}"
179255092,40.161708,-85.399358,"{""railway"": ""level_crossing""}"
179255099,40.162077,-85.39936,"{""railway"": ""level_crossing""}"
179255857,40.1723663,-85.3724213,"{""railway"": ""level_crossing""}"
179258397,40.197646,-85.442703,"{""railway"": ""level_crossing""}"
179258400,40.195931,-85.436378,"{""railway"": ""level_crossing""}"
179258402,40.192951,-85.425391,"{""railway"": ""level_crossing""}"
179258989,40.192961,-85.4252763,"{""railway"": ""level_crossing""}"
179259923,40.178414,-85.442682,"{""railway"": ""level_crossing""}"
179259927,40.1799839,-85.4337818,"{""railway"": ""level_crossing""}"
179259932,40.183967,-85.411104,"{""railway"": ""level_crossing""}"
179259933,40.185324,-85.403388,"{""railway"": ""level_crossing""}"
179259939,40.186546,-85.396483,"{""railway"": ""level_crossing""}"
179259949,40.187711,-85.389959,"{""railway"": ""level_crossing""}"
179260042,40.1884758,-85.3899442,"{""railway"": ""level_crossing""}"
179260401,40.1713723,-85.381651,"{""railway"": ""level_crossing""}"
179260414,40.171217,-85.384084,"{""railway"": ""level_crossing""}"
179260416,40.1712132,-85.3852308,"{""railway"": ""level_crossing""}"
179260418,40.1711357,-85.3862302,"{""railway"": ""level_crossing""}"
179260792,40.1222085,-85.5571753,"{""railway"": ""level_crossing""}"
179260826,40.1249364,-85.5526047,"{""railway"": ""level_crossing""}"
179260849,40.1346218,-85.539965,"{""railway"": ""level_crossing""}"
179260873,40.149049,-85.521218,"{""railway"": ""level_crossing""}"
179260876,40.151209,-85.518445,"{""railway"": ""level_crossing""}"
179260969,40.1708744,-85.4852423,"{""railway"": ""level_crossing""}"
179260975,40.171675,-85.480735,"{""railway"": ""level_crossing""}"
179260981,40.175032,-85.461762,"{""railway"": ""level_crossing""}"
179261138,40.334962,-85.3559843,"{""railway"": ""level_crossing""}"
179261336,40.191215,-85.32087,"{""railway"": ""level_crossing""}"
179261339,40.191178,-85.320869,"{""railway"": ""level_crossing""}"
179262006,40.163551,-85.4012214,"{""railway"": ""level_crossing""}"
179262009,40.1634357,-85.4011353,"{""railway"": ""level_crossing""}"
179262026,40.162022,-85.399364,"{""railway"": ""level_crossing""}"
179262050,40.161237,-85.399343,"{""railway"": ""level_crossing""}"
179262052,40.161192,-85.399343,"{""railway"": ""level_crossing""}"
179262067,40.159698,-85.4012065,"{""railway"": ""level_crossing""}"
179262223,40.189549,-85.412861,"{""railway"": ""level_crossing""}"
179262226,40.189529,-85.412789,"{""railway"": ""level_crossing""}"
179262672,40.306028,-85.3607226,"{""railway"": ""level_crossing""}"
179262681,40.306929,-85.360735,"{""railway"": ""level_crossing""}"
179264225,40.1200244,-85.3900754,"{""railway"": ""level_crossing""}"
179264244,40.134656,-85.3903199,"{""railway"": ""level_crossing""}"
179266060,40.2126702,-85.3763036,"{""railway"": ""level_crossing""}"
179266593,40.197679,-85.362997,"{""railway"": ""level_crossing""}"
179266944,40.1858665,-85.3913333,"{""railway"": ""level_crossing""}"
179267008,40.186685,-85.396482,"{""railway"": ""level_crossing""}"
179269487,40.0791754,-85.3895831,"{""railway"": ""level_crossing""}"
179271134,40.19097,-85.371716,"{""railway"": ""level_crossing""}"
179271138,40.189977,-85.377189,"{""railway"": ""level_crossing""}"
179271141,40.189731,-85.378541,"{""railway"": ""level_crossing""}"
179271145,40.189338,-85.380713,"{""railway"": ""level_crossing""}"
179271251,40.188589,-85.389945,"{""railway"": ""level_crossing""}"
179273386,40.26909,-85.265208,"{""railway"": ""level_crossing""}"
179273390,40.2820024,-85.2560089,"{""railway"": ""level_crossing""}"
179274427,40.189803,-85.235663,"{""railway"": ""level_crossing""}"
179274447,40.190075,-85.254419,"{""railway"": ""level_crossing""}"
179274455,40.190294,-85.2686,"{""railway"": ""level_crossing""}"
179274460,40.190366,-85.273342,"{""railway"": ""level_crossing""}"
179274492,40.190508,-85.282945,"{""railway"": ""level_crossing""}"
179274531,40.190987,-85.311187,"{""railway"": ""level_crossing""}"
179274552,40.191357,-85.329788,"{""railway"": ""level_crossing""}"
179275317,40.191516,-85.36862,"{""railway"": ""level_crossing""}"
179275594,40.207446,-85.344807,"{""railway"": ""level_crossing""}"
179276361,40.189185,-85.411517,"{""railway"": ""level_crossing""}"
179276397,40.183933,-85.411086,"{""railway"": ""level_crossing""}"
179277238,40.2974927,-85.2448699,"{""railway"": ""level_crossing""}"
179277537,40.2485625,-85.2857271,"{""railway"": ""level_crossing""}"
179278109,40.1885375,-85.3865164,"{""railway"": ""level_crossing""}"
179278111,40.188331,-85.386508,"{""railway"": ""level_crossing""}"
179278112,40.188293,-85.386507,"{""railway"": ""level_crossing""}"
179278113,40.1882044,-85.3865017,"{""railway"": ""level_crossing""}"
179278322,40.1221634,-85.5571753,"{""railway"": ""level_crossing""}"
179278748,40.3495082,-85.3579137,"{""railway"": ""level_crossing""}"
179280735,40.262538,-85.364468,"{""railway"": ""level_crossing""}"
179280840,40.304083,-85.2343289,"{""railway"": ""level_crossing""}"
179281624,40.1200244,-85.3901311,"{""railway"": ""level_crossing""}"
179282297,40.306028,-85.3606736,"{""railway"": ""level_crossing""}"
179286102,40.3418651,-85.357727,"{""railway"": ""level_crossing""}"
179286373,40.19033,-85.2686,"{""railway"": ""level_crossing""}"
179286725,40.188434,-85.389944,"{""railway"": ""level_crossing""}"
179286733,40.187674,-85.38996,"{""railway"": ""level_crossing""}"
179287175,40.3003134,-85.2409135,"{""railway"": ""level_crossing""}"
179287564,40.190402,-85.273342,"{""railway"": ""level_crossing""}"
179288016,40.3023753,-85.2372864,"{""railway"": ""level_crossing""}"
179288019,40.3024158,-85.2372865,"{""railway"": ""level_crossing""}"
179288851,40.1917165,-85.3461478,"{""railway"": ""level_crossing""}"
179288854,40.191683,-85.3461457,"{""railway"": ""level_crossing""}"
179289475,40.186966,-85.403327,"{""railway"": ""level_crossing""}"
179292490,40.217723,-85.33005,"{""railway"": ""level_crossing""}"
179293084,40.2189714,-85.3737432,"{""railway"": ""level_crossing""}"
179294241,40.197686,-85.442703,"{""railway"": ""level_crossing""}"
179294519,40.149048,-85.521149,"{""railway"": ""level_crossing""}"
179294975,40.197632,-85.362996,"{""railway"": ""level_crossing""}"
179296603,40.183794,-85.391199,"{""railway"": ""level_crossing""}"
179296662,40.3069282,-85.3605971,"{""railway"": ""level_crossing""}"
179296929,40.2181041,-85.5189854,"{""railway"": ""level_crossing""}"
179297247,40.1783788,-85.442682,"{""railway"": ""level_crossing""}"
179297963,40.191698,-85.368695,"{""railway"": ""level_crossing""}"
179297966,40.191551,-85.368634,"{""railway"": ""level_crossing""}"
179298621,40.2236629,-85.3714437,"{""railway"": ""level_crossing""}"
179299685,40.1563357,-85.4124868,"{""railway"": ""level_crossing""}"
179299702,40.190545,-85.282946,"{""railway"": ""level_crossing""}"
179299808,40.2274051,-85.3696019,"{""railway"": ""level_crossing""}"
179300356,40.1249059,-85.5525734,"{""railway"": ""level_crossing""}"
179301707,40.1929158,-85.4251157,"{""railway"": ""level_crossing""}"
179301716,40.191257,-85.419149,"{""railway"": ""level_crossing""}"
179301718,40.190909,-85.417875,"{""railway"": ""level_crossing""}"
179301720,40.190218,-85.415328,"{""railway"": ""level_crossing""}"
179301741,40.2141973,-85.3757348,"{""railway"": ""level_crossing""}"
179301744,40.2126442,-85.3762163,"{""railway"": ""level_crossing""}"
179301750,40.2120115,-85.3764166,"{""railway"": ""level_crossing""}"
179301760,40.2086034,-85.3775053,"{""railway"": ""level_crossing""}"
179301820,40.2307175,-85.566193,"{""railway"": ""level_crossing""}"
179301830,40.229443,-85.5614046,"{""railway"": ""level_crossing""}"
179301853,40.225764,-85.547638,"{""railway"": ""level_crossing""}"
179301859,40.223226,-85.538124,"{""railway"": ""level_crossing""}"
179301892,40.2145597,-85.5057194,"{""railway"": ""level_crossing""}"
179301898,40.2130212,-85.4999545,"{""railway"": ""level_crossing""}"
179301900,40.211507,-85.494299,"{""railway"": ""level_crossing""}"
179301902,40.2107198,-85.4913647,"{""railway"": ""level_crossing""}"
179301910,40.2104388,-85.4903138,"{""railway"": ""level_crossing""}"
179301914,40.207877,-85.4807694,"{""railway"": ""level_crossing""}"
179301920,40.20277,-85.461716,"{""railway"": ""level_crossing""}"
179301924,40.2014968,-85.4569655,"{""railway"": ""level_crossing""}"
179301929,40.199727,-85.4504146,"{""railway"": ""level_crossing""}"
179301949,40.195996,-85.436465,"{""railway"": ""level_crossing""}"
179301999,40.188415,-85.392137,"{""railway"": ""level_crossing""}"
179302055,40.189481,-85.380735,"{""railway"": ""level_crossing""}"
179302058,40.189878,-85.37854,"{""railway"": ""level_crossing""}"
179302059,40.190123,-85.377191,"{""railway"": ""level_crossing""}"
179302066,40.191102,-85.37179,"{""railway"": ""level_crossing""}"
179302166,40.207445,-85.34473,"{""railway"": ""level_crossing""}"
179302194,40.219227,-85.327891,"{""railway"": ""level_crossing""}"
179302213,40.2303392,-85.311941,"{""railway"": ""level_crossing""}"
179302226,40.241229,-85.296272,"{""railway"": ""level_crossing""}"
179302234,40.2433852,-85.2931825,"{""railway"": ""level_crossing""}"
179302283,40.263273,-85.269292,"{""railway"": ""level_crossing""}"
179302292,40.269005,-85.265207,"{""railway"": ""level_crossing""}"
179302301,40.2819193,-85.2560087,"{""railway"": ""level_crossing""}"
179302305,40.29246,-85.248496,"{""railway"": ""level_crossing""}"
179302349,40.298809,-85.243397,"{""railway"": ""level_crossing""}"
179302352,40.298854,-85.243334,"{""railway"": ""level_crossing""}"
179302360,40.2996674,-85.2420375,"{""railway"": ""level_crossing""}"
179302361,40.2997321,-85.2419256,"{""railway"": ""level_crossing""}"
179302366,40.300987,-85.239716,"{""railway"": ""level_crossing""}"
179302549,40.1504181,-85.3906513,"{""railway"": ""level_crossing""}"
179302552,40.1492248,-85.3906322,"{""railway"": ""level_crossing""}"
179302566,40.134656,-85.3903749,"{""railway"": ""level_crossing""}"
179302596,40.1054929,-85.3899487,"{""railway"": ""level_crossing""}"
179302605,40.0909338,-85.389762,"{""railway"": ""level_crossing""}"
179302609,40.0791754,-85.3896331,"{""railway"": ""level_crossing""}"
179302735,40.291631,-85.36195,"{""railway"": ""level_crossing""}"
179302747,40.277087,-85.363212,"{""railway"": ""level_crossing""}"
179302754,40.264554,-85.364294,"{""railway"": ""level_crossing""}"
179302783,40.233515,-85.367057,"{""railway"": ""level_crossing""}"
179302805,40.23072,-85.367975,"{""railway"": ""level_crossing""}"
179302823,40.1856152,-85.3912548,"{""railway"": ""level_crossing""}"
179302838,40.181965,-85.391168,"{""railway"": ""level_crossing""}"
179302848,40.178326,-85.391106,"{""railway"": ""level_crossing""}"
179303006,40.1674393,-85.3909261,"{""railway"": ""level_crossing""}"
179303039,40.188673,-85.409625,"{""railway"": ""level_crossing""}"
179303198,40.1856194,-85.3908814,"{""railway"": ""level_crossing""}"
179303266,40.334971,-85.358095,"{""railway"": ""level_crossing""}"
179303311,40.34058,-85.357691,"{""railway"": ""level_crossing""}"
179303327,40.363986,-85.358294,"{""railway"": ""level_crossing""}"
179305994,40.171637,-85.480735,"{""railway"": ""level_crossing""}"
179306876,40.189374,-85.380718,"{""railway"": ""level_crossing""}"
179312038,40.1913925,-85.329789,"{""railway"": ""level_crossing""}"
179313260,40.1864864,-85.3965015,"{""railway"": ""level_crossing""}"
179317620,40.174995,-85.461761,"{""railway"": ""level_crossing""}"
179317637,40.1708371,-85.4852329,"{""railway"": ""level_crossing""}"
179317746,40.151157,-85.518443,"{""railway"": ""level_crossing""}"
179317780,40.1346176,-85.5399066,"{""railway"": ""level_crossing""}"
179317900,40.1799464,-85.4337795,"{""railway"": ""level_crossing""}"
179317934,40.185287,-85.403389,"{""railway"": ""level_crossing""}"
179317977,40.189768,-85.378541,"{""railway"": ""level_crossing""}"
179317980,40.190013,-85.377189,"{""railway"": ""level_crossing""}"
179317985,40.191003,-85.371734,"{""railway"": ""level_crossing""}"
179318190,40.191023,-85.311187,"{""railway"": ""level_crossing""}"
179318305,40.190111,-85.254419,"{""railway"": ""level_crossing""}"
179318315,40.18984,-85.235664,"{""railway"": ""level_crossing""}"
179321068,40.197117,-85.377254,"{""railway"": ""level_crossing""}"
179350265,40.197239,-85.377771,"{""railway"": ""level_crossing""}"
179353523,40.171622,-85.377172,"{""railway"": ""level_crossing""}"
179368055,40.2333403,-85.5757963,"{""railway"": ""level_crossing""}"
179376755,41.4411955,-86.0051132,"{""railway"": ""level_crossing""}"
179381032,41.4425501,-86.0230476,"{""railway"": ""level_crossing""}"
179384340,41.6660285,-85.9927619,"{""railway"": ""level_crossing""}"
179390789,41.7176082,-85.8173789,"{""crossing:barrier"": ""half"", ""railway"": ""level_crossing""}"
179397914,41.4403662,-85.9942366,"{""railway"": ""level_crossing""}"
179399483,41.4441824,-86.044751,"{""railway"": ""level_crossing""}"
179399541,41.439462,-85.9821827,"{""railway"": ""level_crossing""}"
179399556,41.438009,-85.9628907,"{""railway"": ""level_crossing""}"
179399623,41.4402856,-85.9942353,"{""railway"": ""level_crossing""}"
179399839,41.4414631,-86.0086679,"{""railway"": ""level_crossing""}"
179403851,41.5857272,-85.8229971,"{""railway"": ""level_crossing""}"
179403871,41.5296202,-85.7125044,"{""railway"": ""level_crossing""}"
179403907,41.5011218,-85.6550209,"{""railway"": ""level_crossing""}"
179403921,41.5515831,-85.8258091,"{""railway"": ""level_crossing""}"
179403933,41.5369369,-85.8254657,"{""railway"": ""level_crossing""}"
179403949,41.57238,-85.8262945,"{""railway"": ""level_crossing""}"
179403991,41.4495267,-85.8438478,"{""railway"": ""level_crossing""}"
179404068,41.7498473,-85.7279243,"{""railway"": ""level_crossing""}"
179404078,41.7570823,-85.711175,"{""railway"": ""level_crossing""}"
179404289,41.6380559,-85.9215537,"{""railway"": ""level_crossing""}"
179404319,41.5970036,-85.8580121,"{""railway"": ""level_crossing""}"
179404356,41.5902265,-85.8345987,"{""railway"": ""level_crossing""}"
179404473,41.6912912,-85.9173493,"{""railway"": ""level_crossing""}"
179410462,41.7030608,-85.8703664,"{""railway"": ""level_crossing""}"
179410788,41.4430985,-86.0303353,"{""railway"": ""level_crossing""}"
179412607,39.5661474,-85.1651319,"{""railway"": ""level_crossing""}"
179412627,39.55465,-85.1755493,"{""railway"": ""level_crossing""}"
179413003,41.5649028,-85.8261184,"{""crossing"": ""uncontrolled"", ""railway"": ""level_crossing""}"
179413417,39.693637,-85.1362957,"{""railway"": ""level_crossing""}"
179413440,39.6883743,-85.143685,"{""railway"": ""level_crossing""}"
179413991,41.5807129,-85.8157612,"{""railway"": ""level_crossing""}"
179415169,41.5709675,-85.826261,"{""railway"": ""level_crossing""}"
179415336,39.6494355,-85.0670925,"{""railway"": ""level_crossing""}"
179415339,39.6494642,-85.0671312,"{""railway"": ""level_crossing""}"
179415839,41.681058,-85.9699694,"{""railway"": ""level_crossing""}"
179416592,39.6188494,-85.1468102,"{""railway"": ""level_crossing""}"
179416653,39.5865625,-85.158161,"{""railway"": ""level_crossing""}"
179416674,39.5743578,-85.1586762,"{""railway"": ""level_crossing""}"
179416774,39.6862805,-85.1390659,"{""railway"": ""level_crossing""}"
179417417,41.6923189,-86.0423087,"{""railway"": ""level_crossing""}"
179417558,39.6978822,-85.1354896,"{""railway"": ""level_crossing""}"
179417578,39.6889468,-85.1384011,"{""railway"": ""level_crossing""}"
179417588,39.6862856,-85.1386504,"{""railway"": ""level_crossing""}"
179417599,39.6607522,-85.1388834,"{""crossing:barrier"": ""no"", ""railway"": ""level_crossing""}"
179417601,39.658948,-85.138903,"{""crossing:barrier"": ""no"", ""railway"": ""level_crossing""}"
179417605,39.6544627,-85.1389573,"{""crossing:barrier"": ""no"", ""railway"": ""level_crossing""}"
179417610,39.6477908,-85.1390376,"{""railway"": ""level_crossing""}"
179417613,39.6454913,-85.1390657,"{""crossing:barrier"": ""no"", ""railway"": ""level_crossing""}"
179417615,39.6451921,-85.139069,"{""crossing:barrier"": ""no"", ""railway"": ""level_crossing""}"
179417621,39.6435664,-85.1394414,"{""crossing:barrier"": ""no"", ""railway"": ""level_crossing""}"
179417622,39.642913,-85.1398547,"{""crossing:barrier"": ""no"", ""railway"": ""level_crossing""}"
179417625,39.6419306,-85.1406268,"{""crossing:barrier"": ""no"", ""railway"": ""level_crossing""}"
179417629,39.6409575,-85.1413873,"{""crossing:barrier"": ""no"", ""railway"": ""level_crossing""}"
179417637,39.6382936,-85.1425371,"{""railway"": ""level_crossing""}"
179417648,39.6322482,-85.1436275,"{""crossing:barrier"": ""no"", ""railway"": ""level_crossing""}"
179417653,39.627921,-85.1444623,"{""crossing:barrier"": ""no"", ""railway"": ""level_crossing""}"
179417825,41.6924819,-86.0230728,"{""railway"": ""level_crossing""}"
179417906,39.6296978,-85.3002121,"{""railway"": ""level_crossing""}"
179418078,41.7397642,-85.7553328,"{""railway"": ""level_crossing""}"
179418368,39.6098473,-85.1526014,"{""railway"": ""level_crossing""}"
179420189,41.6921562,-86.0615745,"{""railway"": ""level_crossing""}"
179421494,39.6405404,-85.1011183,"{""railway"": ""level_crossing""}"
179421510,39.6438096,-85.077289,"{""railway"": ""level_crossing""}"
179421818,39.652991,-85.0537249,"{""railway"": ""level_crossing""}"
179421857,41.5201689,-85.6934399,"{""railway"": ""level_crossing"", ""source"": ""Bing""}"
179422290,39.646022,-85.1340345,"{""railway"": ""level_crossing""}"
179424291,39.6592795,-85.0406209,"{""railway"": ""level_crossing""}"
179424601,39.6464792,-85.1390514,"{""crossing:barrier"": ""no"", ""railway"": ""level_crossing""}"
179425247,39.6548333,-85.1767229,"{""railway"": ""level_crossing""}"
179425459,41.6980883,-85.8884458,"{""railway"": ""level_crossing""}"
179425843,39.6493373,-85.1448741,"{""railway"": ""level_crossing""}"
179426183,39.6502259,-85.2480843,"{""railway"": ""level_crossing""}"
179426920,41.6847965,-85.9517928,"{""railway"": ""level_crossing""}"
179427316,39.656897,-85.0443503,"{""railway"": ""level_crossing""}"
179430820,39.7079699,-85.1347436,"{""railway"": ""level_crossing""}"
179432729,41.5150671,-85.8272039,"{""railway"": ""level_crossing""}"
179434283,41.5873551,-85.8290703,"{""railway"": ""level_crossing""}"
179439208,41.7374414,-85.761643,"{""railway"": ""level_crossing""}"
179439635,41.7462857,-85.737613,"{""railway"": ""level_crossing""}"
179441323,41.4407002,-85.9987267,"{""railway"": ""level_crossing""}"
179441580,41.7203634,-85.8080139,"{""railway"": ""level_crossing""}"
179441591,41.7214045,-85.8051787,"{""railway"": ""level_crossing""}"
179441641,41.6638175,-86.0610834,"{""railway"": ""level_crossing""}"
179441649,41.5004615,-85.8328717,"{""railway"": ""level_crossing""}"
179441655,41.5115556,-85.8283949,"{""railway"": ""level_crossing""}"
179441689,41.5224446,-85.8269258,"{""railway"": ""level_crossing""}"
179441715,41.5584653,-85.7707541,"{""crossing:barrier"": ""half"", ""crossing:bell"": ""yes"", ""crossing:light"": ""yes"", ""railway"": ""level_crossing""}"
179441719,41.5488302,-85.7513085,"{""railway"": ""level_crossing""}"
179444672,41.6858109,-85.9464095,"{""railway"": ""level_crossing""}"
179445280,41.5487824,-85.7513078,"{""railway"": ""level_crossing""}"
179445839,41.7570358,-85.711173,"{""railway"": ""level_crossing""}"
179447761,40.2943336,-87.2512269,"{""railway"": ""level_crossing""}"
179448572,40.292239,-87.2521723,"{""railway"": ""level_crossing""}"
179450670,40.2798449,-87.2579575,"{""railway"": ""level_crossing""}"
179457916,40.2879067,-87.2542486,"{""railway"": ""level_crossing""}"
179461743,40.3155674,-87.2008166,"{""railway"": ""level_crossing""}"
179464523,40.2868462,-87.2547572,"{""railway"": ""level_crossing""}"
179469219,40.2889463,-87.2537501,"{""railway"": ""level_crossing""}"
179470744,40.2900495,-87.2532242,"{""railway"": ""level_crossing""}"
179473073,40.2845098,-87.2558775,"{""railway"": ""level_crossing""}"
179475277,40.3329477,-87.1407203,"{""railway"": ""level_crossing""}"
179475284,40.3307522,-87.1471046,"{""railway"": ""level_crossing""}"
179475302,40.3259281,-87.1673176,"{""railway"": ""level_crossing""}"
179475321,40.3171548,-87.1963677,"{""railway"": ""level_crossing""}"
179475338,40.3135814,-87.2059065,"{""railway"": ""level_crossing""}"
179475349,40.3099697,-87.2151979,"{""railway"": ""level_crossing""}"
179478864,39.3062264,-85.2774878,"{""railway"": ""level_crossing""}"
179482718,39.5001477,-85.1836916,"{""railway"": ""level_crossing""}"
179493583,39.386403,-84.988214,"{""railway"": ""level_crossing""}"
179493928,39.3532197,-84.9222542,"{""railway"": ""level_crossing""}"
179503850,39.4495815,-85.1195131,"{""railway"": ""level_crossing""}"
179520605,39.400177,-85.0028125,"{""railway"": ""level_crossing""}"
179527700,39.4219055,-85.0143074,"{""railway"": ""level_crossing""}"
179527814,39.457967,-84.8364902,"{""railway"": ""level_crossing""}"
179529817,39.307173,-84.907131,"{""railway"": ""level_crossing""}"
179534362,39.4094891,-85.0106389,"{""railway"": ""level_crossing""}"
179535522,39.3551826,-84.9353574,"{""railway"": ""level_crossing""}"
179535524,39.3559467,-84.936472,"{""railway"": ""level_crossing""}"
179535592,39.364002,-84.954552,"{""railway"": ""level_crossing""}"
179535611,39.3717524,-84.9633781,"{""railway"": ""level_crossing""}"
179535613,39.3727419,-84.9657799,"{""railway"": ""level_crossing""}"
179535646,39.381229,-84.976049,"{""railway"": ""level_crossing""}"
179536831,39.468248,-84.844525,"{""railway"": ""level_crossing""}"
179546163,39.5233435,-84.8629267,"{""railway"": ""level_crossing""}"
179555268,39.3563854,-84.9376591,"{""railway"": ""level_crossing""}"
179555310,39.4608566,-85.1691737,"{""railway"": ""level_crossing""}"
179555330,39.4607832,-85.1719687,"{""railway"": ""level_crossing""}"
179555360,39.4611858,-85.1728906,"{""railway"": ""level_crossing""}"
179555735,39.4888939,-85.1906346,"{""railway"": ""level_crossing""}"
179555807,39.4948344,-85.1859726,"{""railway"": ""level_crossing""}"
179558241,39.4995395,-85.1844303,"{""railway"": ""level_crossing""}"
179559211,39.3056965,-85.2585429,"{""railway"": ""level_crossing""}"
179560805,39.3047567,-85.2938966,"{""railway"": ""level_crossing""}"
179577093,39.4922425,-84.863075,"{""crossing:barrier"": ""no"", ""railway"": ""level_crossing""}"
179577413,39.4943767,-84.8633386,"{""crossing:barrier"": ""no"", ""railway"": ""level_crossing""}"
179578867,39.3137189,-84.9041701,"{""railway"": ""level_crossing""}"
179580188,39.4672214,-84.8437178,"{""railway"": ""level_crossing""}"
179580770,41.0732865,-86.2158048,"{""railway"": ""level_crossing""}"
179583924,39.5091001,-84.8631173,"{""crossing:barrier"": ""no"", ""railway"": ""level_crossing""}"
179586508,39.3532246,-84.9223819,"{""railway"": ""level_crossing""}"
179590439,41.1547526,-86.2015509,"{""railway"": ""level_crossing""}"
179591250,39.4500937,-85.1465254,"{""railway"": ""level_crossing""}"
179605934,41.1104161,-86.1986195,"{""railway"": ""level_crossing""}"
179607778,41.134749,-86.192423,"{""railway"": ""level_crossing""}"
179612797,41.0705451,-86.2108689,"{""railway"": ""level_crossing""}"
179615143,41.0842911,-86.2066596,"{""railway"": ""level_crossing""}"
179616288,41.0985441,-86.2022717,"{""railway"": ""level_crossing""}"
179620504,41.1275298,-86.1933723,"{""railway"": ""level_crossing""}"
179626042,41.0660109,-86.2116651,"{""railway"": ""level_crossing""}"
179627117,41.0646677,-86.2111578,"{""railway"": ""level_crossing""}"
179627714,41.156653,-86.202481,"{""railway"": ""level_crossing""}"
179628632,41.0755246,-86.2093392,"{""railway"": ""level_crossing""}"
179631452,41.0741904,-86.2201323,"{""railway"": ""level_crossing""}"
179632171,41.1435033,-86.196067,"{""railway"": ""level_crossing""}"
179635430,41.172355,-86.210157,"{""railway"": ""level_crossing""}"
179636140,41.0732624,-86.215679,"{""railway"": ""level_crossing""}"
179637852,41.0611761,-86.2081091,"{""railway"": ""level_crossing""}"
179637975,41.1637273,-86.2059426,"{""railway"": ""level_crossing""}"
179641109,40.6030811,-85.6668371,"{""railway"": ""level_crossing""}"
179641410,40.4771354,-85.6291947,"{""railway"": ""level_crossing""}"
179641797,40.6173716,-85.6749443,"{""railway"": ""level_crossing""}"
179644101,40.625288,-85.682052,"{""railway"": ""level_crossing""}"
179645385,40.5894835,-85.6612097,"{""railway"": ""level_crossing""}"
179646787,40.609221,-85.6676968,"{""railway"": ""level_crossing""}"
179651699,40.5474601,-85.6555715,"{""railway"": ""level_crossing""}"
179652317,40.5809275,-85.8638013,"{""railway"": ""level_crossing""}"
179652344,40.5763726,-85.8501581,"{""railway"": ""level_crossing""}"
179652359,40.5754862,-85.8447382,"{""railway"": ""level_crossing""}"
179652364,40.5743078,-85.8257125,"{""crossing:barrier"": ""no"", ""railway"": ""level_crossing""}"
179652381,40.5721397,-85.8068048,"{""railway"": ""level_crossing""}"
179652405,40.5655421,-85.7690471,"{""railway"": ""level_crossing""}"
179652417,40.5649226,-85.7500208,"{""railway"": ""level_crossing""}"
179654611,40.4737687,-85.4750438,"{""railway"": ""level_crossing""}"
179654650,40.4740061,-85.5418443,"{""railway"": ""level_crossing""}"
179654667,40.4741205,-85.5776954,"{""railway"": ""level_crossing""}"
179656042,40.4897382,-85.6198371,"{""railway"": ""level_crossing""}"
179656443,40.4525787,-85.6343126,"{""railway"": ""level_crossing""}"
179656599,40.6370244,-85.4863828,"{""railway"": ""level_crossing""}"
179657051,40.5168773,-85.7674698,"{""railway"": ""level_crossing""}"
179658646,40.4011524,-85.6445294,"{""railway"": ""level_crossing""}"
179659512,40.5653331,-85.6577405,"{""railway"": ""level_crossing""}"
179659942,40.5632972,-85.7111199,"{""railway"": ""level_crossing""}"
179660347,40.4927168,-85.6366448,"{""railway"": ""level_crossing""}"
179661217,40.6394246,-85.4841068,"{""railway"": ""level_crossing""}"
179661796,40.4672619,-85.63095,"{""railway"": ""level_crossing""}"
179661977,40.568253,-85.6579558,"{""railway"": ""level_crossing""}"
179662279,40.5230585,-85.6523581,"{""railway"": ""level_crossing""}"
179662287,40.5253734,-85.653565,"{""crossing:barrier"": ""half"", ""railway"": ""level_crossing""}"
179662291,40.5302542,-85.6551881,"{""crossing:barrier"": ""half"", ""railway"": ""level_crossing""}"
179662295,40.5330085,-85.6555044,"{""railway"": ""level_crossing""}"
179662297,40.5339184,-85.6556194,"{""crossing:barrier"": ""half"", ""railway"": ""level_crossing""}"
179662314,40.571275,-85.6579048,"{""railway"": ""level_crossing""}"
179662316,40.5744358,-85.6578792,"{""railway"": ""level_crossing""}"
179662321,40.5772229,-85.6577993,"{""railway"": ""level_crossing""}"
179662463,40.4741798,-85.5972492,"{""railway"": ""level_crossing""}"
179662475,40.4802697,-85.6153814,"{""railway"": ""level_crossing""}"
179662496,40.4970024,-85.618746,"{""railway"": ""level_crossing""}"
179662518,40.5238974,-85.6296026,"{""railway"": ""level_crossing""}"
179662529,40.5310587,-85.6359213,"{""railway"": ""level_crossing""}"
179662554,40.5484651,-85.6561428,"{""railway"": ""level_crossing""}"
179662556,40.5493755,-85.6573299,"{""railway"": ""level_crossing""}"
179662558,40.5502983,-85.6585446,"{""railway"": ""level_crossing""}"
179662560,40.5512395,-85.6597881,"{""railway"": ""level_crossing""}"
179662562,40.5518822,-85.6606392,"{""railway"": ""level_crossing""}"
179662564,40.5521634,-85.6610147,"{""railway"": ""level_crossing""}"
179662566,40.5529382,-85.6621718,"{""railway"": ""level_crossing""}"
179662598,40.5579125,-85.6930473,"{""railway"": ""level_crossing""}"
179662604,40.5603473,-85.7124144,"{""railway"": ""level_crossing""}"
179662634,40.3795471,-85.6454979,"{""railway"": ""level_crossing""}"
179662636,40.393786,-85.6457679,"{""railway"": ""level_crossing""}"
179662650,40.413026,-85.6445793,"{""railway"": ""level_crossing""}"
179662666,40.4208952,-85.6445337,"{""railway"": ""level_crossing""}"
179662672,40.4226804,-85.6440417,"{""railway"": ""level_crossing""}"
179662763,40.4376907,-85.6386998,"{""railway"": ""level_crossing""}"
179662779,40.4452925,-85.6360094,"{""railway"": ""level_crossing""}"
179662807,40.4780736,-85.6291921,"{""railway"": ""level_crossing""}"
179662812,40.4801763,-85.6296188,"{""crossing:barrier"": ""half"", ""railway"": ""level_crossing""}"
179662819,40.4849796,-85.6326293,"{""railway"": ""level_crossing""}"
179662886,40.5622076,-85.65661,"{""railway"": ""level_crossing""}"
179662939,40.652668,-85.7066884,"{""railway"": ""level_crossing""}"
179662953,40.6397226,-85.6950391,"{""railway"": ""level_crossing""}"
179663354,40.4085383,-85.6445582,"{""railway"": ""level_crossing""}"
179664190,40.5384709,-85.702401,"{""railway"": ""level_crossing""}"
179665092,40.5791511,-85.657784,"{""railway"": ""level_crossing""}"
179666214,40.5199217,-85.7485638,"{""railway"": ""level_crossing""}"
179666326,40.5762954,-85.6578204,"{""railway"": ""level_crossing""}"
179666373,40.5738414,-85.8202047,"{""railway"": ""level_crossing""}"
179666558,40.6174368,-85.523842,"{""railway"": ""level_crossing""}"
179666665,40.4737034,-85.4554163,"{""railway"": ""level_crossing""}"
179666968,40.5632006,-85.6569745,"{""railway"": ""level_crossing""}"
179667427,40.41581,-85.6445894,"{""railway"": ""level_crossing""}"
179669991,40.5601271,-85.7124138,"{""railway"": ""level_crossing""}"
179669995,40.5603863,-85.7124127,"{""railway"": ""level_crossing""}"
179670123,40.6248399,-85.4979428,"{""railway"": ""level_crossing""}"
179671469,40.5487409,-85.6554615,"{""railway"": ""level_crossing""}"
179671482,40.5394371,-85.6444295,"{""crossing:barrier"": ""half"", ""railway"": ""level_crossing""}"
179673955,40.5221608,-85.7296731,"{""railway"": ""level_crossing""}"
179674035,40.5043027,-85.6426462,"{""railway"": ""level_crossing""}"
179674356,40.613808,-85.54287,"{""railway"": ""level_crossing""}"
179675444,40.5241922,-85.7114939,"{""railway"": ""level_crossing""}"
179675752,40.5852458,-85.6595073,"{""railway"": ""level_crossing""}"
179676217,40.4191537,-85.6446149,"{""railway"": ""level_crossing""}"
179676408,40.487852,-85.620151,"{""railway"": ""level_crossing""}"
179677583,40.5523591,-85.7026049,"{""railway"": ""level_crossing""}"
179677596,40.5486923,-85.6554021,"{""railway"": ""level_crossing""}"
179677662,40.5405118,-85.6562056,"{""railway"": ""level_crossing""}"
179677665,40.5447371,-85.6558073,"{""railway"": ""level_crossing""}"
179677921,40.6187275,-85.5049855,"{""railway"": ""level_crossing""}"
179677993,40.5452555,-85.7025152,"{""railway"": ""level_crossing""}"
179678021,40.523721,-85.7148696,"{""railway"": ""level_crossing""}"
179678052,40.5136756,-85.7873551,"{""railway"": ""level_crossing""}"
179678060,40.510633,-85.8062506,"{""railway"": ""level_crossing""}"
179678070,40.5084222,-85.8200032,"{""railway"": ""level_crossing""}"
179678073,40.508266,-85.8209689,"{""railway"": ""level_crossing""}"
179678076,40.5080952,-85.8220312,"{""railway"": ""level_crossing""}"
179678078,40.507525,-85.8255853,"{""crossing:barrier"": ""half"", ""railway"": ""level_crossing""}"
179678083,40.5072139,-85.8275341,"{""railway"": ""level_crossing""}"
179678100,40.5022141,-85.8586395,"{""railway"": ""level_crossing""}"
179678138,40.6536286,-85.47059,"{""railway"": ""level_crossing""}"
179688261,39.088462,-86.720786,"{""railway"": ""level_crossing""}"
179704193,39.0787593,-86.7856183,"{""railway"": ""level_crossing""}"
179706048,40.1373138,-86.0147076,"{""railway"": ""level_crossing""}"
179709085,39.0836705,-86.7564532,"{""railway"": ""level_crossing""}"
179709537,39.1011313,-86.6903864,"{""railway"": ""level_crossing""}"
179709555,39.0966446,-86.6956053,"{""railway"": ""level_crossing""}"
179710138,40.1714486,-86.0218081,"{""railway"": ""level_crossing""}"
179710404,40.176709,-86.0223676,"{""railway"": ""level_crossing""}"
179711149,39.0303973,-87.1661655,"{""railway"": ""level_crossing""}"
179711175,39.0236095,-87.1564389,"{""railway"": ""level_crossing""}"
179711201,39.0091981,-87.1489715,"{""railway"": ""level_crossing""}"
179711209,39.0031941,-87.1479324,"{""railway"": ""level_crossing""}"
179711410,39.0318319,-87.1681617,"{""railway"": ""level_crossing""}"
179711418,39.03349,-87.170529,"{""railway"": ""level_crossing""}"
179711422,39.034491,-87.1718978,"{""railway"": ""level_crossing""}"
179711431,39.0417713,-87.1762543,"{""railway"": ""level_crossing""}"
179711435,39.0453145,-87.1776049,"{""railway"": ""level_crossing""}"
179711438,39.0526519,-87.1804088,"{""railway"": ""level_crossing""}"
179711446,39.0598457,-87.1831558,"{""crossing:barrier"": ""no"", ""railway"": ""level_crossing""}"
179711451,39.0656913,-87.1853877,"{""crossing:barrier"": ""half"", ""railway"": ""level_crossing""}"
179711453,39.067073,-87.1859134,"{""crossing:barrier"": ""no"", ""railway"": ""level_crossing""}"
179711467,39.0833136,-87.1921195,"{""railway"": ""level_crossing""}"
179711476,39.0905628,-87.1945292,"{""railway"": ""level_crossing""}"
179711490,39.0977861,-87.1951215,"{""railway"": ""level_crossing""}"
179711492,39.1031087,-87.1952912,"{""railway"": ""level_crossing""}"
179711506,39.1267049,-87.196033,"{""railway"": ""level_crossing""}"
179711520,39.1412031,-87.1958942,"{""railway"": ""level_crossing""}"
179711547,39.1695534,-87.2046586,"{""railway"": ""level_crossing""}"
179711550,39.1686378,-87.2034828,"{""railway"": ""level_crossing""}"
179711552,39.1659704,-87.2000542,"{""railway"": ""level_crossing""}"
179711553,39.1648746,-87.198884,"{""railway"": ""level_crossing""}"
179711558,39.1630355,-87.1976855,"{""railway"": ""level_crossing""}"
179711571,39.159715,-87.1970846,"{""railway"": ""level_crossing""}"
179711576,39.1557403,-87.1970143,"{""railway"": ""level_crossing""}"
179711646,39.052849,-87.0358862,"{""railway"": ""level_crossing""}"
179711652,39.0698088,-87.0202509,"{""railway"": ""level_crossing""}"
179711654,39.0789801,-87.0118047,"{""railway"": ""level_crossing""}"
179711683,39.1144637,-86.9791602,"{""railway"": ""level_crossing""}"
179711685,39.1145985,-86.9790361,"{""railway"": ""level_crossing""}"
179711687,39.1159628,-86.9777808,"{""railway"": ""level_crossing""}"
179711690,39.1169243,-86.9768918,"{""railway"": ""level_crossing""}"
179711691,39.1177731,-86.9761083,"{""railway"": ""level_crossing""}"
179711719,39.1231538,-86.9587311,"{""railway"": ""level_crossing""}"
179711840,39.1423469,-87.1989158,"{""railway"": ""level_crossing""}"
179711845,39.1412732,-87.2005256,"{""railway"": ""level_crossing""}"
179711850,39.1311878,-87.208215,"{""railway"": ""level_crossing""}"
179711859,39.1265759,-87.2128988,"{""railway"": ""level_crossing""}"
179711878,39.1260206,-87.2222334,"{""railway"": ""level_crossing""}"
179711908,39.1557412,-87.196908,"{""railway"": ""level_crossing""}"
179711988,39.0001884,-87.0721325,"{""railway"": ""level_crossing""}"
179712017,39.0324994,-87.054569,"{""railway"": ""level_crossing""}"
179712020,39.0331539,-87.0539758,"{""railway"": ""level_crossing""}"
179712023,39.0337243,-87.0534399,"{""railway"": ""level_crossing""}"
179712026,39.0338034,-87.0533702,"{""railway"": ""level_crossing""}"
179712029,39.0350035,-87.0522718,"{""railway"": ""level_crossing""}"
179714915,40.194654,-86.024241,"{""railway"": ""level_crossing""}"
179715549,39.1632727,-86.9009791,"{""railway"": ""level_crossing""}"
179718254,39.0978507,-87.1996574,"{""railway"": ""level_crossing""}"
179719240,39.0819095,-86.8871718,"{""railway"": ""level_crossing""}"
179719275,39.0742683,-86.8998289,"{""railway"": ""level_crossing""}"
179719280,39.0686652,-86.9088071,"{""railway"": ""level_crossing""}"
179721927,39.0309103,-87.1661147,"{""railway"": ""level_crossing""}"
179721931,39.0309041,-87.1595995,"{""railway"": ""level_crossing""}"
179721957,39.0308912,-87.1291849,"{""railway"": ""level_crossing""}"
179721972,39.0295464,-87.0907681,"{""railway"": ""level_crossing""}"
179721986,39.0316712,-87.0596222,"{""railway"": ""level_crossing""}"
179721989,39.0318089,-87.0533765,"{""railway"": ""level_crossing""}"
179721999,39.0300808,-87.0301003,"{""railway"": ""level_crossing""}"
179722002,39.0286853,-87.0115364,"{""railway"": ""level_crossing""}"
179722172,39.0785828,-86.7807098,"{""railway"": ""level_crossing""}"
179722199,39.080011,-86.7958778,"{""railway"": ""level_crossing""}"
179722237,39.0755029,-86.8349379,"{""railway"": ""level_crossing""}"
179722306,39.0309361,-87.1737353,"{""railway"": ""level_crossing""}"
179722326,39.0311925,-87.1991833,"{""railway"": ""level_crossing""}"
179722351,39.0453672,-87.2214329,"{""railway"": ""level_crossing""}"
179722354,39.0461755,-87.2226345,"{""railway"": ""level_crossing""}"
179722388,39.0308634,-87.152549,"{""railway"": ""level_crossing""}"
179722395,39.0308647,-87.1596003,"{""railway"": ""level_crossing""}"
179728092,39.1031188,-86.9896289,"{""crossing:barrier"": ""no"", ""railway"": ""level_crossing""}"
179732738,39.1275052,-87.2263522,"{""railway"": ""level_crossing""}"
179732997,39.0309122,-87.1680033,"{""railway"": ""level_crossing""}"
179741336,40.2142973,-86.0262696,"{""railway"": ""level_crossing""}"
179741370,40.1504111,-86.0195449,"{""railway"": ""level_crossing""}"
179757915,39.897051,-85.919051,"{""railway"": ""level_crossing""}"
179757957,40.0874119,-86.0205666,"{""crossing:barrier"": ""no"", ""railway"": ""level_crossing""}"
179766681,40.128369,-86.0145869,"{""railway"": ""level_crossing""}"
179773307,39.9339765,-85.8479205,"{""railway"": ""level_crossing""}"
179773310,39.9339353,-85.8479199,"{""railway"": ""level_crossing""}"
179775601,39.8871974,-85.9380196,"{""crossing:barrier"": ""full"", ""crossing:bell"": ""yes"", ""crossing:light"": ""yes"", ""railway"": ""level_crossing""}"
179776614,39.7012787,-85.8003198,"{""crossing:barrier"": ""no"", ""railway"": ""level_crossing""}"
179792190,39.90904,-85.895959,"{""crossing:barrier"": ""half"", ""railway"": ""level_crossing""}"
179809336,39.7588499,-86.3452995,"{""railway"": ""level_crossing""}"
179809360,39.7587405,-86.3489777,"{""railway"": ""level_crossing""}"
179809376,39.758744,-86.3515461,"{""crossing:barrier"": ""no"", ""crossing:bell"": ""no"", ""crossing:light"": ""no"", ""railway"": ""level_crossing""}"
179810279,39.8729807,-86.3721841,"{""railway"": ""level_crossing""}"
179821086,40.1332146,-86.0138815,"{""railway"": ""level_crossing""}"
179821192,39.755844,-86.358001,"{""crossing:barrier"": ""no"", ""crossing:bell"": ""no"", ""crossing:light"": ""no"", ""railway"": ""level_crossing""}"
179821228,39.7583287,-86.350162,"{""railway"": ""level_crossing""}"
179825110,39.92054,-85.353986,"{""railway"": ""level_crossing""}"
179825117,39.922268,-85.35673,"{""railway"": ""level_crossing""}"
179825124,39.923177,-85.358178,"{""railway"": ""level_crossing""}"
179825132,39.9239093,-85.3593365,"{""railway"": ""level_crossing""}"
179825148,39.926185,-85.362954,"{""railway"": ""level_crossing""}"
179825174,39.9289186,-85.3655529,"{""railway"": ""level_crossing""}"
179825179,39.9312065,-85.3666539,"{""railway"": ""level_crossing""}"
179826327,39.9183312,-86.6095901,"{""railway"": ""level_crossing""}"
179826428,39.913269,-85.366008,"{""railway"": ""level_crossing""}"
179826430,39.91229,-85.366034,"{""railway"": ""level_crossing""}"
179826437,39.911416,-85.36605,"{""railway"": ""level_crossing""}"
179826443,39.9105392,-85.366074,"{""railway"": ""level_crossing""}"
179826445,39.909661,-85.366093,"{""railway"": ""level_crossing""}"
179826447,39.908745,-85.366116,"{""railway"": ""level_crossing""}"
179828912,39.8915417,-86.5529141,"{""railway"": ""level_crossing""}"
179829593,39.931208,-85.366189,"{""railway"": ""level_crossing""}"
179829596,39.931148,-85.366127,"{""railway"": ""level_crossing""}"
179830623,40.1748735,-86.0221671,"{""railway"": ""level_crossing""}"
179832279,39.9168229,-85.3540534,"{""railway"": ""level_crossing""}"
179832281,39.9168323,-85.3540383,"{""railway"": ""level_crossing""}"
179832291,39.9177562,-85.3524231,"{""railway"": ""level_crossing""}"
179832349,39.910294,-85.33766,"{""railway"": ""level_crossing""}"
179832376,39.902457,-85.325192,"{""railway"": ""level_crossing""}"
179832528,39.8466935,-85.2362126,"{""railway"": ""level_crossing""}"
179832577,39.8371852,-85.2209826,"{""railway"": ""level_crossing""}"
179832892,40.1757877,-86.0222613,"{""railway"": ""level_crossing""}"
179833984,39.9330379,-85.3894009,"{""railway"": ""level_crossing""}"
179834812,39.9263354,-85.3657049,"{""railway"": ""level_crossing""}"
179834821,39.924143,-85.365756,"{""railway"": ""level_crossing""}"
179834835,39.922334,-85.365803,"{""railway"": ""level_crossing""}"
179834837,39.921437,-85.365823,"{""railway"": ""level_crossing""}"
179834842,39.918766,-85.365879,"{""railway"": ""level_crossing""}"
179834844,39.916905,-85.36592,"{""railway"": ""level_crossing""}"
179834845,39.91546,-85.365955,"{""railway"": ""level_crossing""}"
179838848,39.935082,-85.3753869,"{""railway"": ""level_crossing""}"
179840400,39.8154691,-86.327147,"{""railway"": ""level_crossing""}"
179840431,39.8263516,-86.32737,"{""railway"": ""level_crossing""}"
179842076,39.7568602,-86.4572545,"{""railway"": ""level_crossing""}"
179843067,39.937075,-85.368856,"{""railway"": ""level_crossing""}"
179843434,39.9403383,-85.3708108,"{""railway"": ""level_crossing""}"
179845869,40.2179279,-86.0266437,"{""railway"": ""level_crossing""}"
179846925,40.0691,-85.389853,"{""railway"": ""level_crossing""}"
179847072,39.924388,-85.328102,"{""railway"": ""level_crossing""}"
179847517,39.924296,-85.337418,"{""railway"": ""level_crossing""}"
179847935,40.003582,-85.388424,"{""railway"": ""level_crossing""}"
179848292,39.6361649,-86.3429357,"{""railway"": ""level_crossing""}"
179848332,39.9272856,-85.3538555,"{""railway"": ""level_crossing""}"
179851435,40.004509,-85.388677,"{""railway"": ""level_crossing""}"
179851575,40.047302,-85.390739,"{""railway"": ""level_crossing""}"
179853674,40.130817,-86.0142296,"{""railway"": ""level_crossing""}"
179855884,39.890433,-86.384946,"{""railway"": ""level_crossing""}"
179855925,39.8657564,-86.3668229,"{""railway"": ""level_crossing""}"
179855960,39.8443955,-86.3454495,"{""railway"": ""level_crossing""}"
179856066,39.6316721,-86.348456,"{""railway"": ""level_crossing""}"
179856068,39.6328763,-86.3469768,"{""railway"": ""level_crossing""}"
179856228,39.7574101,-86.4333984,"{""railway"": ""level_crossing""}"
179856257,39.7566273,-86.4673003,"{""railway"": ""level_crossing""}"
179856266,39.7560743,-86.4865986,"{""railway"": ""level_crossing""}"
179856384,39.7451909,-86.553324,"{""railway"": ""level_crossing""}"
179856473,39.7235758,-86.6324328,"{""railway"": ""level_crossing""}"
179856535,39.702567,-86.687137,"{""railway"": ""level_crossing""}"
179856672,39.8417284,-86.3875515,"{""railway"": ""level_crossing""}"
179856683,39.924715,-85.252121,"{""railway"": ""level_crossing""}"
179856805,39.8549108,-86.4197936,"{""railway"": ""level_crossing""}"
179856831,39.8576807,-86.4302258,"{""railway"": ""level_crossing""}"
179856879,39.8614241,-86.4443212,"{""railway"": ""level_crossing""}"
179856905,39.8671805,-86.4660015,"{""railway"": ""level_crossing""}"
179856909,39.8676855,-86.467896,"{""railway"": ""level_crossing""}"
179856951,39.8752103,-86.4961953,"{""railway"": ""level_crossing""}"
179856967,39.8777212,-86.5056415,"{""railway"": ""level_crossing""}"
179856969,39.8633339,-85.2628031,"{""railway"": ""level_crossing""}"
179856976,39.8789754,-86.51038,"{""railway"": ""level_crossing""}"
179857001,39.8870755,-86.5408162,"{""crossing:barrier"": ""half"", ""railway"": ""level_crossing""}"
179857004,39.8876439,-86.5429423,"{""railway"": ""level_crossing""}"
179857047,39.8960124,-86.5624074,"{""railway"": ""level_crossing""}"
179857117,39.9226737,-86.6188135,"{""railway"": ""level_crossing""}"
179857325,39.7567063,-86.3680763,"{""railway"": ""level_crossing""}"
179857392,39.7562026,-86.3687311,"{""railway"": ""level_crossing""}"
179857705,39.7564282,-86.3688744,"{""railway"": ""level_crossing""}"
179857858,39.9245215,-85.3044307,"{""railway"": ""level_crossing""}"
179864606,40.1020374,-86.0184455,"{""railway"": ""level_crossing""}"
179865154,40.1323016,-86.014015,"{""crossing:barrier"": ""no"", ""railway"": ""level_crossing""}"
179868960,39.9246456,-85.2712165,"{""railway"": ""level_crossing""}"
179868962,39.9246842,-85.2712174,"{""railway"": ""level_crossing""}"
179870081,40.1612906,-86.0207203,"{""railway"": ""level_crossing""}"
179870382,39.82997,-86.331006,"{""railway"": ""level_crossing""}"
179871205,40.1298782,-86.0143676,"{""railway"": ""level_crossing""}"
179874160,40.217062,-86.026552,"{""railway"": ""level_crossing""}"
179874163,40.2161059,-86.0264538,"{""railway"": ""level_crossing""}"
179874169,40.2105144,-86.0258806,"{""crossing:barrier"": ""no"", ""railway"": ""level_crossing""}"
179874178,40.2048676,-86.0252946,"{""railway"": ""level_crossing""}"
179874197,40.1866844,-86.0234163,"{""railway"": ""level_crossing""}"
179874365,40.1268794,-86.0148059,"{""railway"": ""level_crossing""}"
179875871,40.0727397,-86.0212409,"{""railway"": ""level_crossing""}"
179878964,40.026306,-85.391499,"{""railway"": ""level_crossing""}"
179883554,39.975409,-85.3807586,"{""railway"": ""level_crossing""}"
179894804,39.9244765,-85.2005187,"{""railway"": ""level_crossing""}"
179895051,39.794055,-85.5313,"{""railway"": ""level_crossing""}"
179900931,39.7565662,-86.3685133,"{""crossing:barrier"": ""no"", ""crossing:bell"": ""no"", ""crossing:light"": ""no"", ""railway"": ""level_crossing""}"
179905534,39.960838,-85.376913,"{""railway"": ""level_crossing""}"
179906702,40.1238558,-86.0152506,"{""crossing:barrier"": ""no"", ""railway"": ""level_crossing""}"
179907162,39.7025233,-86.6871397,"{""railway"": ""level_crossing""}"
179911556,39.928561,-85.359242,"{""railway"": ""level_crossing""}"
179917243,39.990865,-85.3849439,"{""railway"": ""level_crossing""}"
179917257,39.9866104,-85.3837962,"{""railway"": ""level_crossing""}"
179917259,39.9861571,-85.3836728,"{""railway"": ""level_crossing""}"
179917501,39.9297899,-85.363985,"{""railway"": ""level_crossing""}"
179917511,39.9294561,-85.3629641,"{""railway"": ""level_crossing""}"
179917598,39.924305,-85.336661,"{""railway"": ""level_crossing""}"
179917658,39.9245773,-85.2901731,"{""railway"": ""level_crossing""}"
179920029,39.7099841,-86.6698234,"{""railway"": ""level_crossing""}"
179924352,40.8504853,-85.6321084,"{""railway"": ""level_crossing""}"
179926032,40.852072,-85.626604,"{""railway"": ""level_crossing""}"
179931298,40.4799138,-85.9679703,"{""railway"": ""level_crossing""}"
179931510,40.47988,-85.965259,"{""railway"": ""level_crossing""}"
179931519,40.4799649,-85.963939,"{""railway"": ""level_crossing""}"
179931526,40.4801634,-85.9626562,"{""railway"": ""level_crossing""}"
179933300,40.5053321,-86.13736,"{""crossing:barrier"": ""no"", ""railway"": ""level_crossing""}"
179933315,40.503609,-86.136212,"{""railway"": ""level_crossing""}"
179934304,40.4961835,-86.1312324,"{""crossing:barrier"": ""no"", ""railway"": ""level_crossing""}"
179937016,40.6871937,-85.4217066,"{""railway"": ""level_crossing""}"
179937253,40.4927504,-86.1280451,"{""railway"": ""level_crossing""}"
179937256,40.4927387,-86.1294243,"{""railway"": ""level_crossing""}"
179937261,40.492727,-86.1300403,"{""railway"": ""level_crossing""}"
179937267,40.4927259,-86.130639,"{""railway"": ""level_crossing""}"
179937270,40.4927167,-86.1312576,"{""railway"": ""level_crossing""}"
179937291,40.492697,-86.133714,"{""railway"": ""level_crossing""}"
179938378,40.9763056,-85.3456041,"{""railway"": ""level_crossing""}"
179938402,40.9723089,-85.3356505,"{""railway"": ""level_crossing""}"
179939291,40.8761013,-85.5085717,"{""railway"": ""level_crossing""}"
179940547,40.5053933,-86.1408472,"{""crossing:barrier"": ""no"", ""railway"": ""level_crossing""}"
179940560,40.5053272,-86.13765,"{""crossing:barrier"": ""no"", ""railway"": ""level_crossing""}"
179940566,40.5052699,-86.137521,"{""crossing:barrier"": ""no"", ""railway"": ""level_crossing""}"
179940593,40.4928036,-86.1232115,"{""railway"": ""level_crossing""}"
179940615,40.4927896,-86.1244371,"{""railway"": ""level_crossing""}"
179940620,40.4927857,-86.1250575,"{""railway"": ""level_crossing""}"
179940629,40.4927775,-86.1256565,"{""railway"": ""level_crossing""}"
179940637,40.4927665,-86.1262689,"{""railway"": ""level_crossing""}"
179940646,40.4927602,-86.1269328,"{""crossing:barrier"": ""no"", ""railway"": ""level_crossing""}"
179940663,40.4927534,-86.1274721,"{""railway"": ""level_crossing""}"
179940678,40.492784,-86.1280453,"{""railway"": ""level_crossing""}"
179941144,40.492674,-86.1363091,"{""railway"": ""level_crossing""}"
179941153,40.4926316,-86.1369049,"{""railway"": ""level_crossing""}"
179942336,40.859634,-85.600339,"{""railway"": ""level_crossing""}"
179942369,40.469464,-86.127654,"{""railway"": ""level_crossing""}"
179942389,40.498152,-86.132542,"{""railway"": ""level_crossing""}"
179942763,40.4932256,-86.1173605,"{""railway"": ""level_crossing""}"
179942981,40.4927015,-86.1363086,"{""railway"": ""level_crossing""}"
179943008,40.4927511,-86.1323681,"{""railway"": ""level_crossing""}"
179943015,40.4918408,-86.1324747,"{""crossing:barrier"": ""no"", ""railway"": ""level_crossing""}"
179943021,40.4909902,-86.1325179,"{""crossing:barrier"": ""no"", ""railway"": ""level_crossing""}"
179943209,40.884173,-85.48052,"{""railway"": ""level_crossing""}"
179945657,40.6920351,-85.3348253,"{""railway"": ""level_crossing""}"
179948182,40.892024,-85.4519342,"{""railway"": ""level_crossing""}"
179948691,40.6858707,-85.4264424,"{""railway"": ""level_crossing""}"
179950763,40.951809,-85.363499,"{""railway"": ""level_crossing""}"
179951580,40.6777977,-85.4397998,"{""railway"": ""level_crossing""}"
179952345,40.8867733,-85.471142,"{""railway"": ""level_crossing""}"
179953362,40.9888155,-85.3445816,"{""railway"": ""level_crossing""}"
179953476,40.9040932,-85.413263,"{""crossing:barrier"": ""no"", ""railway"": ""level_crossing""}"
179953519,40.885398,-85.476163,"{""railway"": ""level_crossing""}"
179953534,40.882819,-85.4854207,"{""railway"": ""level_crossing""}"
179953552,40.8814596,-85.49031,"{""railway"": ""level_crossing""}"
179953559,40.8808864,-85.4923856,"{""railway"": ""level_crossing""}"
179953561,40.8806042,-85.4934199,"{""railway"": ""level_crossing""}"
179953564,40.8805269,-85.4936699,"{""railway"": ""level_crossing""}"
179953573,40.8790093,-85.4991335,"{""crossing:barrier"": ""full"", ""railway"": ""level_crossing""}"
179953973,40.498984,-86.0320082,"{""railway"": ""level_crossing""}"
179953989,40.490991,-86.13257,"{""crossing:barrier"": ""no"", ""railway"": ""level_crossing""}"
179954108,40.495503,-86.1319045,"{""railway"": ""level_crossing""}"
179955192,40.479872,-85.9666019,"{""railway"": ""level_crossing""}"
179955439,40.402802,-86.292287,"{""railway"": ""level_crossing""}"
179955715,40.686275,-85.424844,"{""railway"": ""level_crossing""}"
179955717,40.6863245,-85.4248171,"{""railway"": ""level_crossing""}"
179956097,40.492503,-85.918925,"{""railway"": ""level_crossing""}"
179956429,40.480826,-86.121002,"{""railway"": ""level_crossing""}"
179956460,40.473775,-86.115732,"{""railway"": ""level_crossing""}"
179956474,40.470186,-86.11094,"{""crossing:barrier"": ""half"", ""railway"": ""level_crossing""}"
179956513,40.499955,-86.1337294,"{""railway"": ""level_crossing""}"
179956530,40.50368,-86.1362028,"{""railway"": ""level_crossing""}"
179956535,40.5053332,-86.137307,"{""crossing:barrier"": ""no"", ""railway"": ""level_crossing""}"
179956562,40.5196759,-86.1468761,"{""railway"": ""level_crossing""}"
179956599,40.4935171,-86.1294513,"{""railway"": ""level_crossing""}"
179956724,40.485603,-86.124184,"{""railway"": ""level_crossing""}"
179956728,40.4874663,-86.1254272,"{""railway"": ""level_crossing""}"
179956733,40.488385,-86.126033,"{""railway"": ""level_crossing""}"
179956739,40.48931,-86.126653,"{""railway"": ""level_crossing""}"
179956745,40.4899797,-86.1270993,"{""crossing:barrier"": ""no"", ""railway"": ""level_crossing""}"
179956748,40.491008,-86.127781,"{""railway"": ""level_crossing""}"
179956749,40.491896,-86.12837,"{""railway"": ""level_crossing""}"
